Python实习生,昇腾技术,深圳·南山区·前海,5天/周6个月本科,Java,带薪年假，餐补，住房补贴，零食下午茶，节日福利，五险一金，股票期权,150-250元/天,https://www.zhipin.com/job_detail/f98d27a25f24f5701n1639m0ElFR.html
Python实习生,奢云,杭州·滨江区·长河,4天/周3个月本科,Python,,100-150元/天,https://www.zhipin.com/job_detail/7190215632b06c9a0nF709m9FFc~.html
Python实习生,课观教育,济南·历城区·汉峪金谷,4天/周3个月本科,网络爬虫技术,通讯补贴，零食下午茶，年终奖，带薪年假，五险一金，员工旅游，股票期权，定期体检，节日福利，住房补贴,100-150元/天,https://www.zhipin.com/job_detail/2f6d6dae6de7b54f1n16392-FVdQ.html
python实习生,蓝色光标数字营销机构,北京·朝阳区·酒仙桥,经验不限硕士,Python,通讯补贴，交通补助，零食下午茶，免费班车，带薪年假，年终奖，五险一金，节日福利，员工旅游，餐补，补充医疗保险,2-4K,https://www.zhipin.com/job_detail/9cc42a96569729330HN7396_EFM~.html
python爬虫实习生,绿盟科技,南京·雨花台区·铁心桥,5天/周3个月本科,网络爬虫技术,年终奖，通讯补贴，定期体检，餐补，节日福利，员工旅游，股票期权，年假递增，五险一金，加班补助，补充医疗保险，带薪年假,150-250元/天,https://www.zhipin.com/job_detail/87b988a004fcef001XZ539S_E1RV.html
Python开发（实习生）,慧博云通,北京·海淀区·中关村,7天/周3个月本科,Django,带薪年假，五险一金，节日福利，补充医疗保险，加班补助，年终奖，股票期权，定期体检,230-250元/天,https://www.zhipin.com/job_detail/d5fff762a7536ed91XZ-0t--FltW.html
python开发实习,蜗牛保险,上海·闵行区·华漕,4天/周3个月本科,MVC开发,补充医疗保险，五险一金，员工旅游，节日福利，健身房篮球场，零食下午茶，餐补，带薪年假,250-300元/天,https://www.zhipin.com/job_detail/3d792863b0e9419d1nFz39u_EFZV.html
python开发工程师(实习),墨云科技,北京·海淀区·上地,5天/周3个月本科,后端,零食下午茶，定期体检，节日福利，餐补，年终奖，带薪年假，加班补助，五险一金，股票期权,200-400元/天,https://www.zhipin.com/job_detail/554fe011b68183951nJ60tW9FVJS.html
Python,凯墨网络,青岛·黄岛区·唐岛湾,在校/应届大专,游戏开发,零食下午茶，五险一金，加班补助，住房补贴，补充医疗保险,5-10K,https://www.zhipin.com/job_detail/580031062ffc0ce81nJ73dS6E1BV.html
python+layui全栈前后端开发工程师,锐捷网络,福州·闽侯县·新西客站,4天/周3个月学历不限,Linux,定期体检，零食下午茶，节日福利，加班补助，餐补，员工旅游，五险一金，通讯补贴，包吃，补充医疗保险，年终奖，带薪年假，交通补助，免费班车,110-150元/天,https://www.zhipin.com/job_detail/1674ada6240a2af01XV62t6_EFZQ.html
Python Developer-AI Team,亦恺,上海·静安区·静安寺,5-10年本科,SQL,五险一金，住房补贴，零食下午茶，加班补助，节日福利，通讯补贴，带薪年假，年终奖，员工旅游,12-20K·13薪,https://www.zhipin.com/job_detail/00bd2ac554bf202d1nF53NS8EVVV.html
Python,云帆源景,深圳·宝安区·西乡,经验不限大专,aws,,11-20K,https://www.zhipin.com/job_detail/6712d4897d0ac1631XR-2tq8EVZR.html
Python,腾讯,西安·雁塔区·枫林绿洲,1-3年本科,分布式技术,零食下午茶，补充医疗保险，员工旅游，公仔周边活动，节日福利，免费健身房，包吃，股票期权，免费班车，定期体检，五险一金，免费早晚餐，餐补，年终奖，住房补贴，交通补助，带薪年假,15-30K,https://www.zhipin.com/job_detail/31c2bdca9d6ec0301nJ72Nm-FltR.html
Python,华为,杭州·滨江区·长河,经验不限学历不限,python,加班补助，股票期权，五险一金，年终奖，餐补，补充医疗保险，员工旅游，节日福利，定期体检，零食下午茶,15-30K,https://www.zhipin.com/job_detail/d7dffb85c9cbdcb01XR_2d67ElBX.html
python测开,博彦科技,成都·武侯区·铁像寺,1-3年大专,python,定期体检，节日福利，五险一金，带薪年假，年终奖，免费班车,12-16K·13薪,https://www.zhipin.com/job_detail/43e4d45cb2f0a0631nx529S8FlNQ.html
python工程师,铭图天成,上海·浦东新区·张江,3-5年本科,python,带薪年假，节日福利，定期体检，五险一金，零食下午茶，年终奖，员工旅游，餐补,20-40K·15薪,https://www.zhipin.com/job_detail/3e47f0708d0ce6831nx53tq-GFpR.html
python开发,软通动力信息技术集团,成都·郫都区·高新西,1-3年本科,python,年终奖，定期体检，补充医疗保险，交通补助，员工旅游，带薪年假，五险一金，节日福利，全勤奖，加班补助，通讯补贴，包吃，免费班车，餐补，零食下午茶,11-20K,https://www.zhipin.com/job_detail/d21392bcea2535d91nF82tW0FFFW.html
python,苏州威达数据科技,苏州·苏州工业园区·独墅湖,1年以内本科,Oracle,节日福利，五险一金，年终奖,5-10K,https://www.zhipin.com/job_detail/ac019d325dedeba31XV43964GVNX.html
Python开发工程师,港钛科技,上海·嘉定区·江桥,3-5年大专,SQL,带薪年假，零食下午茶，五险一金，定期体检，年终奖，节日福利,12-16K,https://www.zhipin.com/job_detail/151bb53cf35287371XV52NS-GVVV.html
Python开发(系统开发方向),脉策科技,上海·杨浦区·五角场,经验不限本科,数据结构,年终奖，节日福利，员工旅游，人才引进落户，定期体检，补充医疗保险，带薪年假，五险一金,15-30K·14薪,https://www.zhipin.com/job_detail/05b4c1c70e6d9ed11nx90927FlNV.html
Python开发工程师,卓漫科技,天津·西青区·大学城,经验不限本科,Linux,带薪年假，年终奖，五险一金，节日福利，零食下午茶,5-10K·13薪,https://www.zhipin.com/job_detail/cb95d9d04e7228fc1nJ829u-EFNW.html
Python开发工程师,昕喆信科,深圳·福田区·车公庙,3-5年本科,Flask,通讯补贴，餐补，带薪年假，员工旅游，五险一金，交通补助，全勤奖,12-20K·13薪,https://www.zhipin.com/job_detail/adad2ff9192d8b6a1XV539u4FFRR.html
Python研发工程师,长江证券,武汉·江夏区·光谷,经验不限硕士,MySQL,员工旅游，交通补助，五险一金，通讯补贴，节日福利，年终奖，包吃，定期体检，补充医疗保险，带薪年假，餐补,13-18K·18薪,https://www.zhipin.com/job_detail/782c7db4d68369681nN_0tq5ElpQ.html
Python开发工程师,中汽信息科技,天津·东丽区·东丽开发区,3-5年本科,Linux,企业年金，年终奖，补充医疗保险，餐补，采暖补贴，高温补贴，补充公积金，五险一金，带薪年假，节日福利，定期体检，高温假,10-15K,https://www.zhipin.com/job_detail/a3ffa64ee114d9f11nxy29m1FFdQ.html
Python培训讲师,东莞市子睿教育科...,东莞·樟木头镇·天一城,1-3年大专,python,通讯补贴，股票期权，节日福利，全勤奖，带薪年假，包吃，提升培训，定期体检，年终奖，员工旅游，购买社保，交通补助,8-10K,https://www.zhipin.com/job_detail/5269181d9f81865c1XV729S1GVVV.html
Python开发工程师,江苏天益,无锡,1-3年大专,软件工程师,零食下午茶，住房补贴，交通补助，节日福利，五险一金，包吃，员工旅游，通讯补贴，年终奖,8-11K,https://www.zhipin.com/job_detail/ab01ac0a5b5aa11c1nF-39u8EFNW.html
Python开发工程师,汉克时代,杭州·滨江区·长河,1-3年本科,Linux,员工旅游，住房补贴，带薪年假，年终奖，交通补助，节日福利，五险一金，定期体检，通讯补贴,10-14K,https://www.zhipin.com/job_detail/86cddc098624eff31XV539-8ElJW.html
Python开发工程师,中软国际,北京·海淀区·西北旺,1-3年本科,Linux,餐补，零食下午茶，带薪年假，员工旅游，免费班车，年终奖，定期体检，五险一金，加班补助，节日福利,11-22K,https://www.zhipin.com/job_detail/17b373266e92e24e1XR_3Ny4FFJS.html
Python开发工程师,蜻蜓智能,北京·朝阳区·四惠,3-5年本科,python,节日福利，员工旅游，全勤奖，定期体检，股票期权，带薪年假，年终奖，五险一金,15-30K,https://www.zhipin.com/job_detail/5afdbe4ae99931851nN82dW1F1ZV.html
Python开发工程师,捷迅高科(北京)...,北京·大兴区·西红门,5-10年本科,Django,,20-28K,https://www.zhipin.com/job_detail/df7d19875bb845081nZ83dm8GFRW.html
python开发工程师,煜兆科技,广州·天河区·小新塘,1年以内本科,python,带薪年假，餐补，五险一金，定期体检，节日福利，加班补助，零食下午茶，免费班车，补充医疗保险，年终奖，员工旅游,8-15K·13薪,https://www.zhipin.com/job_detail/c557a6ac3fc2a9581nxy39i-FVRR.html
高级Python开发工程师,明略科技,烟台,1-3年大专,分布式技术,加班补助，定期体检，交通补助，补充医疗保险，年终奖，五险一金，零食下午茶，带薪年假,8-13K·15薪,https://www.zhipin.com/job_detail/c25795844a961cfe1nJ83tm0GFVV.html
Python开发工程师,易法通,厦门·湖里区·禾山,3-5年本科,Django,节日福利，年终奖，员工旅游，带薪年假，五险一金,12-20K,https://www.zhipin.com/job_detail/4eb136f76def3c501XV52N-7FVBW.html
Python开发工程师,云帐房,南京·雨花台区·南京南站,1-3年本科,网络编程,员工旅游，带薪年假，通讯补贴，五险一金，节日福利，工作时间，补充医疗保险，人文关怀，定期体检，职业发展，年终奖,10-15K·13薪,https://www.zhipin.com/job_detail/11e2bfeb44047f3f1XV_3NS-GFBR.html
Python高级开发工程师,华为技术有限公司,杭州·滨江区·长河,经验不限本科,虚拟机技术,全勤奖，住房补贴，补充医疗保险，五险一金，股票期权，年终奖，交通补助，定期体检，员工旅游，通讯补贴，离职补偿，节日福利，加班补助，免费班车，零食下午茶，带薪年假，餐补,15-30K,https://www.zhipin.com/job_detail/7432fd5a59dad9b71XV82NW0E1RR.html
java python 易语言,易通物联网有限公司,枣庄·滕州市·学院路,1-3年大专,python,带薪年假，员工旅游，零食下午茶，节日福利，全勤奖，五险一金,10-15K,https://www.zhipin.com/job_detail/ac96ed32730e779e1XR-29u1EFNS.html
Python开发工程师（RPA）,拓途网络科技有限公司,广州·天河区·棠下,1-3年本科,python,免费班车，节日福利，加班补助，带薪年假，零食下午茶，五险一金，年终奖，全勤奖,11-18K,https://www.zhipin.com/job_detail/af90693e428098551nxy09u6GFJQ.html
Python后端开发工程师,极纳人工智能,深圳·南山区·科技园,3-5年本科,python,股票期权，餐补，补充医疗保险，带薪年假，定期体检，年终奖，五险一金，零食下午茶,28-50K·14薪,https://www.zhipin.com/job_detail/9f25cc7eee50c32b1nF62d66FldR.html
高级/资深后端工程师（python）,品览数据,上海·静安区·大宁,5-10年本科,分布式技术,节日福利，员工旅游，零食下午茶，带薪年假，交通补助，股票期权，年终奖，定期体检，五险一金,20-40K·16薪,https://www.zhipin.com/job_detail/074064b519ab69a71nN_2961FVdQ.html
高级系统开发工程师（Python方向）,智租换电,上海,1-3年本科,分布式技术,五险一金，餐补，节日福利，年终奖，免费班车，带薪年假，股票期权,20-35K·14薪,https://www.zhipin.com/job_detail/2a9c03971bce294d1n143t25FVdQ.html
Python量化开发工程师,松果体科技,深圳·宝安区·西乡,3-5年本科,python,员工旅游，加班补助，零食下午茶，年终奖，带薪年假，定期体检，节日福利，五险一金,20-40K,https://www.zhipin.com/job_detail/43f02a285a7c6c621XV53NW4E1BX.html
Python开发工程师,大智慧,上海,1-3年本科,搜索引擎技术,五险一金，餐补，定期体检，节日福利，年终奖，股票期权，带薪年假，零食下午茶,10-15K,https://www.zhipin.com/job_detail/131bd29b4da7660233d83dW8EVA~.html
Python资深开发工程师-全额五险一金,知其安科技,北京·昌平区·霍营,5-10年本科,分布式技术,节日福利，零食下午茶，五险一金，交通补助，新婚礼包，住房补贴，员工旅游，餐补,25-50K·14薪,https://www.zhipin.com/job_detail/881114f12de71d491XVz2t67EFpW.html
高级Python/PHP/Java开发工程师,ZingFront,廊坊·广阳区·新朝阳,3-5年本科,PHP,住房补贴，零食下午茶，节日福利，带薪年假，员工旅游，定期体检，补充医疗保险，股票期权，五险一金,12-20K·14薪,https://www.zhipin.com/job_detail/d809d9c83f90ef011HF-3d66GFM~.html
高级/资深Python开发工程师（带团队）,探迹,广州·番禺区·大学城,3-5年本科,Java,股票期权，定期体检，加班补助，定期团建，零食下午茶，带薪年假，通讯补贴，五险一金，补充医疗保险，全勤奖，员工旅游，餐补，节日福利，年终奖,25-40K·14薪,https://www.zhipin.com/job_detail/73d3bff2f77b24661XV73N-0E1FW.html
Python研发工程师/后端开发工程师,上海展湾信息科技,上海·杨浦区·东外滩,5-10年本科,容器技术,员工旅游，零食下午茶，带薪年假，年终奖，定期体检，五险一金，股票期权，节日福利,23-35K·13薪,https://www.zhipin.com/job_detail/ccc40f2fceea1de01nJ409u-FVdV.html
Python 开发实习生,EMQ,昆明·五华区·虹山,5天/周5个月本科,Go,五险一金，股票期权，员工旅游，加班补助，住房补贴，餐补，带薪年假，年终奖，交通补助，通讯补贴，零食下午茶，定期体检，节日福利,100-150元/天,https://www.zhipin.com/job_detail/7e5f4c13cb4296a91nJ60t-8EFNW.html
Python少儿编程讲师 双休+上市企业五险一金,童程童美,台州·椒江区·老城区,经验不限本科,Java,内部报读名额，节日福利，全勤奖，员工旅游，通讯补贴，带薪年假，定制工作服，五险一金，零食下午茶，股票期权,8-12K,https://www.zhipin.com/job_detail/e1d698aa74052bef1n1z3t6-EVVQ.html
讲师/实习生(python、c++）,小码教育,深圳·宝安区·宝安中心区,经验不限本科,Python,年终奖，股票期权，带薪年假，餐补，节日福利，零食下午茶，五险一金，员工旅游,10-15K,https://www.zhipin.com/job_detail/dfa3f968d325bae91XV62tq0FVtR.html
Python开发工程师 实习生,边缘智能研究院,南京,5天/周6个月本科,网络爬虫技术,节日福利，带薪年假，定期体检，五险一金，加班补助，包吃,100-200元/天,https://www.zhipin.com/job_detail/f0982bdab352c6f81nN529u-GVVV.html
Python研发工程师,光智云软件,杭州,1-3年本科,Java,五险一金,8-13K·14薪,https://www.zhipin.com/job_detail/841d287cb41428ea1XR829-0ElJR.html
Python算法工程师,航天宏图,南京·雨花台区·小行,1-3年本科,算法基础,通讯补贴，年终奖，员工旅游，五险一金，带薪年假，包吃，节日福利，股票期权，定期体检，餐补，交通补助,11-18K,https://www.zhipin.com/job_detail/6b0ce8a7fac78c7c1XRz09q7FFFS.html
Python数据分析培训助理,烟台炬龙文化传媒...,烟台·莱山区·大学城,经验不限本科,Windows,,3-4K,https://www.zhipin.com/job_detail/4648e5b9f493d30b1nJ-09i6E1JS.html
python开发实习生,客知音,北京,7天/周3个月本科,Linux,五险一金，股票期权，年终奖，节日福利，图书补助，两餐，带薪年假，餐补，交通补助，零食下午茶，不扣考勤,200-400元/天,https://www.zhipin.com/job_detail/536a25df0c0ac0b31n1-2N24GFZR.html
python工程师实习生,华讯网络,广州,4天/周4个月本科,Django,交通补助，补充医疗保险，通讯补贴，定期体检，带薪年假，年终奖，员工旅游，五险一金,150-200元/天,https://www.zhipin.com/job_detail/e26d8947d88c1fcb1XRz3968ElZW.html
Python,好懂好记,上海·静安区·汶水路,1年以内本科,初级软件工程师,五险一金，零食下午茶，节日福利，年终奖,10-12K,https://www.zhipin.com/job_detail/11907ab6b4a8f6b21XR-3t60F1BS.html
Python讲师,学链科技,武汉·洪山区·光谷,1-3年大专,python,,8-13K,https://www.zhipin.com/job_detail/4ed4cacc673bf5ae1nx539y8EVZR.html
Python讲师,博斌教育,长沙·岳麓区·麓谷,3-5年大专,python,餐补，节日福利，住房补贴，全勤奖，员工旅游，带薪年假，零食下午茶，年终奖,6-10K,https://www.zhipin.com/job_detail/8f2d4c21fbbbf0e633F739u1F1I~.html
JAVA/JS/PYTHON 软件研发工程师,华为成研所,成都·郫都区·高新西,经验不限本科,Java,股票期权，零食下午茶，定期体检，节日福利，加班补助，五险一金，年终奖，员工旅游,15-30K,https://www.zhipin.com/job_detail/ce7d03df6807e8e61nJz3d-_EFBX.html
Python开发工程师（北京）,高登世德,北京·海淀区·西北旺,1-3年本科,分布式技术,年终奖，五险一金，节日福利，加班补助，带薪年假,15-25K,https://www.zhipin.com/job_detail/25a9f195071c6a611n1z2ty9FVRW.html
Python老师,慧优教育,宿州·埇桥区·高架桥,1-3年大专,python,员工旅游，全勤奖，年终奖,3-6K,https://www.zhipin.com/job_detail/e0a4dd45fbd3e8281n162NS9GFpR.html
Python开发工程师实习生,京东集团,北京·大兴区·亦庄,5天/周6个月硕士,容器技术,带薪年假，定期体检，免费班车，包吃，节日福利，五险一金，股票期权，餐补，补充医疗保险，零食下午茶，员工旅游，年终奖，交通补助,150-250元/天,https://www.zhipin.com/job_detail/d50d21a0dd4bba231nx-2927FFFW.html
Python高级开发,得物App,上海·杨浦区·东外滩,3-5年本科,分布式技术,股票期权，五险一金，年终奖，加班补助，餐补，带薪年假，定期体检，员工旅游，节日福利，交通补助，住房补贴，零食下午茶,30-50K·16薪,https://www.zhipin.com/job_detail/1f4c3db87f44cf1c1nF42N2-EVJR.html
python开发工程师,博沃智慧,深圳·南山区·科技园,1-3年大专,Java,证书补助，加班补助，节日福利，定期体检，电脑补贴，年终奖，全勤奖，五险一金，餐补，通讯补贴，带薪年假，员工旅游,10-15K,https://www.zhipin.com/job_detail/35f3049c628d11d31nF939i4E1ZQ.html
Python开发工程师,富欣通信,上海·浦东新区·张江,3-5年本科,多线程,年终奖，定期体检，零食下午茶，节日福利，带薪年假，加班补助，餐补，员工旅游，五险一金，免费班车,20-35K·13薪,https://www.zhipin.com/job_detail/bb7fb2df86f802fb1n180ti-GFZR.html
Python开发工程师,掌世界,深圳·罗湖区·莲塘,1-3年本科,MySQL,年终奖，员工旅游，股票期权，定期体检，带薪年假，交通补助，五险一金，加班补助，餐补，通讯补贴，节日福利，全勤奖,11-20K,https://www.zhipin.com/job_detail/b871e6426c63c4861nF929i5EVJQ.html
python高级工程师,华科易汇,北京·海淀区·紫竹桥,3-5年本科,python,年终奖，通讯补贴，带薪年假，五险一金，餐补，加班补助，交通补助，节日福利，定期体检，股票期权，员工旅游,16-17K,https://www.zhipin.com/job_detail/521dbf623f1b288b1Xd-29m9FVI~.html
Python开发工程师,婚礼纪,杭州·西湖区·高新文教区,3-5年学历不限,MySQL,定期团建，节日福利，补充医疗保险，年终奖，定期体检，五险一金，餐补，交通补助，带薪年假，股票期权，员工旅游，加班补助，零食下午茶,15-26K·16薪,https://www.zhipin.com/job_detail/f0d6540694f6a5a11XR639m8EFNW.html
"研发实习生（偏后端，python,go方向）",智予成,成都,5天/周3个月本科,Python,带薪年假，年终奖，节日福利，带薪病假，五险一金，定期体检，餐补，带薪福利假，股票期权，员工旅游,100-200元/天,https://www.zhipin.com/job_detail/a576fdaceaff9f2e1nV92ti8FlBV.html
Python运维开发程序员,麦特莱吉,上海·浦东新区·康桥,经验不限大专,MySQL,员工旅游，年终奖，交通补助，五险一金，带薪年假，零食下午茶，节日福利,6-10K,https://www.zhipin.com/job_detail/8c1aea5c54e69dec1nN82tm7EFNW.html
Python爬虫开发工程师,这伴科技,成都,3-5年大专,分布式技术,带薪年假，节日福利，五险一金,13-25K·13薪,https://www.zhipin.com/job_detail/3acff56034aeccfd1nx73tq0FVRQ.html
Python编程老师（五险一金+地铁直达）,北京童程童美,南昌·红谷滩区·红谷滩,经验不限本科,Java,节日福利，带薪年假，加班补助，零食下午茶，住房补贴，餐补，交通补助，股票期权，五险一金,7-12K,https://www.zhipin.com/job_detail/e993420ce55e79741XV_09m0GVdV.html
Python后端实习生,傲创资产,杭州·萧山区·钱江世纪城,经验不限大专,服务器配置,五险一金，零食下午茶，包吃，补充医疗保险，股票期权，节日福利，员工旅游，年终奖,2-3K,https://www.zhipin.com/job_detail/967ad53e7e66726833N_3di9FFc~.html
Python开发工程师（实习生）,四叶草安全,西安·雁塔区·高新软件园,经验不限本科,Java,节日福利，年终奖，住房补贴，零食下午茶，定期体检，带薪年假，员工旅游，补充医疗保险，股票期权，五险一金,2-3K,https://www.zhipin.com/job_detail/3758358954370fb41nZy2tq9EVJQ.html
ROS实习生,大象机器人,深圳·福田区·华强北,5天/周6个月本科,python,五险一金，带薪年假，员工旅游，节日福利，零食下午茶，股票期权，团建活动,150-180元/天,https://www.zhipin.com/job_detail/41acf1c8eda263301XV62tu0ElVW.html
后端开发实习生,云影天光,深圳·光明区·光明,在校/应届本科,Go,加班补助，五险一金，股票期权，节日福利，定期体检，带薪年假，年终奖,4-8K,https://www.zhipin.com/job_detail/9c4514b4643770c91nZ429W1GFpQ.html
Python开发实习生,京迈电子商务,武汉·洪山区·光谷,1-3年本科,数据结构,住房补贴，带薪年假，交通补助，节日福利，全勤奖，五险,5-8K,https://www.zhipin.com/job_detail/908d7c2dd54529221nJ_2d--FFFW.html
Python爬虫实习生,O2OMind,深圳·南山区·科技园,5天/周6个月本科,Python,带薪年假，股票期权，全勤奖，节日福利，员工旅游，带薪病假，年终奖，加班补助，零食下午茶，定期体检，交通补助，五险一金，餐补,300-500元/天,https://www.zhipin.com/job_detail/b86c040177ca6a4c1nN-2d-_EVVV.html
Python后端实习生,bilibili,上海·杨浦区·五角场,4天/周6个月本科,Java,补充医疗保险，员工旅游，年终奖，交通补助，通讯补贴，股票期权，餐补，五险一金，零食下午茶，全勤奖，节日福利，带薪年假，包吃，定期体检,250-350元/天,https://www.zhipin.com/job_detail/21522f18a7fc303b1nx43N-9GVNX.html
安全开发实习生,北京知道创宇,北京·朝阳区·望京,7天/周3个月大专,Go,员工旅游，补充医疗保险，春节假期，八险一金，节日福利，交通补助，通讯补贴，全勤奖，股票期权，定期体检，零食下午茶，年终奖，餐补，带薪年假,200-250元/天,https://www.zhipin.com/job_detail/58fd1fd8ffb6b1d61n1-09u7FVtW.html
python实习,淘乐创想,杭州·西湖区·高新文教区,5天/周3个月本科,服务器配置,股票期权，员工旅游，带薪年假，年终奖，五险一金,150-160元/天,https://www.zhipin.com/job_detail/bb2d34c283dd97e81XR439W0ElpQ.html
实习Python工程师,亚讯光谱网络科技...,厦门·思明区·软件园,3天/周3个月本科,网络爬虫技术,全勤奖，股票期权，年终奖，带薪年假，五险一金，加班补助，节日福利，员工旅游，零食下午茶,130-180元/天,https://www.zhipin.com/job_detail/3653c16d1280fc8c1XV_09u5GVFQ.html
python开发实习,封面新闻,成都·锦江区·红星路,5天/周6个月本科,Redis,带薪年假，五险一金，年终奖，餐补，免费健身房，零食下午茶，定期体检，节日福利,100-200元/天,https://www.zhipin.com/job_detail/18b4f3da92dfd6d61nJ_39W6EFZQ.html
python实习开发工程师-浙江湖州,微银合创,湖州·吴兴区·东街,在校/应届本科,Java,补充医疗保险，定期体检，带薪年假，节日福利，年终奖，员工旅游，五险一金,4-9K·13薪,https://www.zhipin.com/job_detail/69dcfe0c80de83a71n192t66EFNW.html
实习生,科升无线,苏州·苏州工业园区·独墅湖,7天/周12个月本科,python,,150-200元/天,https://www.zhipin.com/job_detail/515db8263ca4ebdd1XR_29S6E1NX.html
无线电信号分析算法实习生,博识创智,北京·海淀区·皂君庙,4天/周8个月本科,python,带薪年假，五险一金，年终奖,100-200元/天,https://www.zhipin.com/job_detail/8601709a307072391n1-39W4FFBQ.html
软件研发实习生 - IAE NE Management,凯易讯,南京·雨花台区·软件大道,3天/周6个月本科,C++,年终奖，住房补贴，五险一金，新鲜奶咖，交通补助，零食下午茶，定期体检，通讯补贴，节日福利，水果，餐补，补充医疗保险，员工旅游，带薪年假,160-250元/天,https://www.zhipin.com/job_detail/402a1bb226573d0b1XV_3N64E1JS.html
python实习,DaoCloud,上海·杨浦区·五角场,5天/周6个月本科,Python,餐补，定期体检，补充医疗保险，通讯补贴，交通补助，零食下午茶，节日福利，股票期权，年终奖，五险一金，带薪年假,200-250元/天,https://www.zhipin.com/job_detail/124c3852a17a56d93n1429u1EVQ~.html
Python开发工程师（实习岗）,人资行网络科技,广州·南沙区·金洲,1年以内本科,Python,,2-3K,https://www.zhipin.com/job_detail/9bec02333f5634e203Z5292_EVU~.html
Python Web工程师,担路网,上海·松江区·九亭,在校/应届本科,Linux,五险一金，全勤奖，带薪年假，通讯补贴，年终奖，交通补助，节日福利,9-14K,https://www.zhipin.com/job_detail/65d8f0ceba746ee71nN52Ny0GVZW.html
Python量化交易系统开发工程师实习,北京华瑞东方信息咨询,北京·海淀区·知春路,2天/周3个月本科,Java,,500-1000元/天,https://www.zhipin.com/job_detail/0f9e9c8123b95e621n183d-6F1NR.html
python工程师,温州人本,上海·奉贤区·奉城,在校/应届本科,Redis,通讯补贴，节日福利，定期体检，带薪年假，年终奖，餐补，五险一金,6-11K,https://www.zhipin.com/job_detail/f55f5d0e65a6eb3a1nN82ti9EVNS.html
Python助理工程师,派盯智能科技,苏州·苏州工业园区·斜塘,在校/应届大专,SQL,节日福利，餐补，全勤奖，带薪年假，股票期权，零食下午茶，五险一金，定期体检，年终奖,4-7K,https://www.zhipin.com/job_detail/09b897358aec35f11nB82tm5GFNW.html
2022届校招-Python开发工程师,老虎国际,北京·朝阳区·太阳宫,在校/应届本科,数据结构,五险一金，股票期权，年终奖，交通补助，补充医疗保险，节日福利，带薪年假，定期体检,15-30K·14薪,https://www.zhipin.com/job_detail/6c5a4d1703c79ff61nJy0tu8EVFQ.html
Python爬虫技术实习岗,千际投资,上海,1-3年大专,网络爬虫技术,,1-6K,https://www.zhipin.com/job_detail/1313bbbfae447ea61nB-3tq0ElBW.html
高性能量化系统开发工程师（Python）,林道资产,北京·朝阳区·团结湖,在校/应届大专,多线程,带薪年假，年终奖，补充医疗保险，定期体检，零食下午茶，五险一金，健身补贴,19-35K·16薪,https://www.zhipin.com/job_detail/0eedb47e25b8379f1XR63d68GVpW.html
2022校招-Python开发工程师,深圳云天励飞,深圳·南山区·科技园,在校/应届硕士,Django,餐补，零食下午茶，交通补助，带薪年假，通讯补贴，节日福利，年终奖，加班补助，补充医疗保险，员工旅游，股票期权，定期体检,20-25K·16薪,https://www.zhipin.com/job_detail/fb5c2bf8ed4bb4381XV-0t64ElpQ.html
Python 工程师,蓝畅科技,邯郸·丛台区·新世纪,1-3年大专,Java,,4-6K,https://www.zhipin.com/job_detail/de488aa082326e3b1XV629-5EVRW.html
Python 开发,网易有道,北京·海淀区·西北旺,4天/周3个月本科,大厂经验,带薪年假，年终奖，员工旅游，住房补贴，五险一金，餐补，通讯补贴，免费班车，交通补助，节日福利，免费健身房，零食下午茶，包吃，定期体检，补充医疗保险,150-200元/天,https://www.zhipin.com/job_detail/17437dbdd32c3e8d1nN62Nm_EFpR.html
python 后端开发,杭州深地,杭州·萧山区·宁围,3-5年本科,Django,五险一金，通讯补贴，交通补助，零食下午茶，节日福利，员工旅游，餐补，股票期权,14-28K,https://www.zhipin.com/job_detail/bcaee2d5cd265b9f33B909u1GFM~.html
Python 爬虫工程师,亘元网络,石家庄·桥西区·南三条乐汇城,1-3年大专,数据挖掘,五险一金，节日福利，年终奖，零食下午茶,4-7K,https://www.zhipin.com/job_detail/d43c03a717604bba1XBz2ty6E1Q~.html
Python Web开发主管,中安百傲,北京·海淀区·上地,1-3年本科,Python,年终奖，带薪年假，五险一金,15-25K,https://www.zhipin.com/job_detail/d5ad962c1981cada1nR53966F1dW.html
Python Machine Learning Engineer,丰伍吉科技,上海·浦东新区·陆家嘴,5-10年本科,Python,带薪年假，五险一金，加班补助，零食下午茶，年终奖,20-40K·14薪,https://www.zhipin.com/job_detail/ff3cdfc58c6f30aa1XR_3dW9FlFR.html
Python 后端工程师,博瑞迪,广州·番禺区·新造,经验不限学历不限,容器技术,定期体检，包吃，五险一金，加班补助，年终奖，节日福利，结婚生子礼金，生日礼品，带薪年假，餐补，补充医疗保险，员工旅游，股票期权,15-25K·13薪,https://www.zhipin.com/job_detail/e31fba80b79c56981nN509S-F1BW.html
Python 工程师,纬泓软件,珠海,经验不限学历不限,Python,带薪年假，年终奖，定期体检，交通补助，节日福利，加班补助，零食下午茶，餐补，五险一金,8-13K·14薪,https://www.zhipin.com/job_detail/092cda62a043040f1nJ_09m9GVdV.html
python 数据分析开发,网杉,深圳·龙岗区·坂田,3-5年本科,Java,带薪年假，带薪病假，年终奖，补充医疗保险，零食下午茶，五险一金，交通补助，定期体检，节日福利，餐补，加班补助,15-30K·13薪,https://www.zhipin.com/job_detail/a7eb47e1c44f1b081n1_09u6EFNW.html
Python Flask Web工程师,三育教育,上海·闵行区·七宝,3-5年大专,Java,五险一金，年终奖，带薪年假，包吃，加班补助，定期体检，员工旅游,12-24K,https://www.zhipin.com/job_detail/c4d8703edd86ec061XRz2tq_EFVQ.html
Python Web研发工程师,楚精灵,武汉·洪山区·街道口,3-5年本科,SQL,带薪年假，年终奖，节日福利，零食下午茶，五险一金，员工旅游，交通补助，补充医疗保险,10-15K·13薪,https://www.zhipin.com/job_detail/7093a0a8e38a9fc61n1-3N-6E1BQ.html
Python 数据平台开发,兴晨电子商务,广州·越秀区·中山六路,1-3年本科,网络爬虫技术,零食下午茶，员工生日福利，带薪年假，员工超低内购，五险一金，节日福利,15-25K·13薪,https://www.zhipin.com/job_detail/8d6910cadbb884231nxy2926GVFQ.html
python 后端开发工程师,云沸点,武汉·江夏区·庙山,1-3年本科,Linux,员工旅游，零食下午茶，全勤奖，节日福利，加班补助，五险一金，带薪年假，定期体检,6-10K,https://www.zhipin.com/job_detail/f861ecf4f48eb8f41n1529u6GVJR.html
Python工程师,天马资产,深圳·福田区·景田,在校/应届硕士,Python,员工旅游，零食下午茶，包吃，五险一金，带薪年假，定期体检，节日福利,10-15K,https://www.zhipin.com/job_detail/f7d93f6eb07e518133Vy0t-8F1c~.html
Python - 高级工程师/Tech Lead/研发经理,科锐尔(沈阳)咨...,北京·海淀区·中关村,5-10年本科,Linux,,30-60K,https://www.zhipin.com/job_detail/fd74b1ce7d653d251n1-2NW0FFRW.html
Python,阿里巴巴集团,杭州·余杭区·仓前,1-3年本科,分布式技术,零食下午茶，免费班车，节日福利，补充医疗保险，年终奖，交通补助，股票期权，餐补，员工旅游，五险一金,15-25K·13薪,https://www.zhipin.com/job_detail/8bec9ff5ac0a8e251n192t21FVdV.html
Python,厦门期量智能科技...,厦门·集美区·杏林,在校/应届本科,Windows,,3-4K,https://www.zhipin.com/job_detail/59c8341cbee1089d1nBz2dm4E1NW.html
Python,世纪国科,郑州·金水区·国贸360,1-3年本科,PostgreSQL,节日福利，包吃，定期体检，补充医疗保险，带薪年假，加班补助，年终奖，餐补，五险一金,7-8K·13薪,https://www.zhipin.com/job_detail/c451316168923cfa1nB93ti7ElZW.html
Python,简高科技,杭州·拱墅区·万达广场,经验不限本科,SQL,,10-15K,https://www.zhipin.com/job_detail/640ca5ddd411af031XV-29-7FVZR.html
Python,河北景泰,邯郸·丛台区·龙湖,经验不限大专,图形图像处理,年终奖，交通补助，加班补助，全勤奖，节日福利，带薪年假，五险一金,3-7K,https://www.zhipin.com/job_detail/7f765e9d065185f41XR_39i4ElJR.html
Python,晨风科技,宁波·鄞州区·首南,经验不限学历不限,python爬虫,股票期权，节日福利，五险一金，带薪年假，全勤奖，年终奖,8-11K,https://www.zhipin.com/job_detail/75470896341076ed1Xd50960GFQ~.html
Python,思佰益,大连,经验不限大专,容器技术,年终奖，带薪年假，交通补助，节日福利，加班补助，五险一金，定期体检，补充医疗保险,11-17K,https://www.zhipin.com/job_detail/a13f0f11f6c951811nJ709u0FFJR.html
Python,中审华会计师事务所,太原·万柏林区·千峰,1-3年本科,图形图像处理,年终奖，五险一金，员工旅游，节日福利，加班补助，带薪年假，通讯补贴，定期体检,6-10K,https://www.zhipin.com/job_detail/80e5e45f602920751nNz2Nu0GVJR.html
Python,中威科技,南通·崇川区·五一路,1-3年大专,Windows,年终奖，通讯补贴，节日福利，带薪年假，定期体检，五险一金,8-13K·13薪,https://www.zhipin.com/job_detail/402da1e609389a061XR52N61F1JQ.html
Python,冠成教育科技发展,枣庄·滕州市·府前路,经验不限大专,网络编程,全勤奖，五险一金，餐补，加班补助,3-5K,https://www.zhipin.com/job_detail/56bbee3e556226fd1XV_3tm6F1pV.html
Python,瞭风,厦门·集美区·杏林,1-3年大专,网络爬虫技术,零食下午茶，年终奖，节日福利，加班补助，补充医疗保险，带薪年假，定期体检，餐补，五险一金,8-13K·13薪,https://www.zhipin.com/job_detail/4b053947da4e8a691XV-39-_EVNX.html
Python,加洲网络信息,苏州·吴中区·郭巷,经验不限大专,网络爬虫技术,五险一金，交通补助，加班补助，员工旅游，带薪年假，股票期权，节日福利，餐补，年终奖，零食下午茶，全勤奖，住房补贴,8-13K,https://www.zhipin.com/job_detail/7a1fccef5eb9cdfc1XR-2Ny6GFNW.html
python,ByteBridge,北京·朝阳区·来广营,1-3年本科,SQL,零食下午茶，生日礼物，节日福利，带薪年假8天，周年奖，定期体检，员工旅游，五险一金,20-40K,https://www.zhipin.com/job_detail/3097a71756af37fe1nZ-3NW6EFZR.html
Python,实在智能,杭州·余杭区·仓前,经验不限本科,数据分析，python,股票期权，员工旅游，定期体检，年终奖，节日福利，全勤奖，零食下午茶，餐补，补充医疗保险，带薪年假，加班补助，五险一金,9-14K,https://www.zhipin.com/job_detail/042a0f7cc995e0501nN53Nq-FFtV.html
Python,道简智创,天津·西青区·大学城,3-5年本科,分布式技术,零食下午茶，带薪年假，五险一金，年终奖，加班补助，员工旅游，通讯补贴,8-12K,https://www.zhipin.com/job_detail/d08e97e34f0557501nFz3tW7F1ZV.html
Python,上海朗兆房地产营...,温州·龙湾区·蒲州,1-3年大专,网络爬虫技术,员工旅游，定期体检，年终奖，零食下午茶，节日福利，带薪年假,6-7K,https://www.zhipin.com/job_detail/2e61f7f002d36f851XV429W4ElNX.html
Python,软唐信息科技,无锡,3-5年大专,后端开发,五险一金，年终奖，补充医疗保险,5-10K,https://www.zhipin.com/job_detail/7bc9cb567b78b42d1nJy2tm6GFc~.html
Python,CloudBU,深圳·龙岗区·坂田,经验不限本科,NoSQL,零食下午茶，补充医疗保险，节日福利，加班补助，五险一金，免费班车，带薪年假，定期体检，餐补，年终奖,18-35K·15薪,https://www.zhipin.com/job_detail/1410ec4774ffdd5e1XV52du-F1dW.html
Python,小明互动电玩,娄底·娄星区·中心医院金谷市场,经验不限本科,网络爬虫技术,,3-6K,https://www.zhipin.com/job_detail/f029495f6a14164d1XR52tW7EVNS.html
Python,软通动力,济南·历下区·奥体,3-5年本科,图形图像处理,加班补助，节日福利，带薪年假，定期体检，零食下午茶，交通补助，团建活动，免费班车，五险一金,13-26K,https://www.zhipin.com/job_detail/6b79770db39f3ff51XR_0t64GVFV.html
Python,今娱,长沙·雨花区·红星,1-3年大专,Python,全勤奖，年终奖，五险一金，零食下午茶，带薪年假，加班补助，节日福利,7-12K,https://www.zhipin.com/job_detail/c902ad93dd4f5fef1nZ43tW0E1FW.html
Python,左左右右,西安·雁塔区·电子城,经验不限大专,网络爬虫技术,,1-2K,https://www.zhipin.com/job_detail/87a9f5c15cb201991nd42t21FVNQ.html
python,云比特,北京·海淀区·西北旺,1-3年本科,六险一金,交通补助，节日福利，全勤奖，五险一金,10-12K,https://www.zhipin.com/job_detail/100022e68dba8e991nF60921GVJR.html
Python,智酷人工智能,淮安·淮安区·翔宇大道,经验不限本科,机器人,带薪年假，全勤奖，五险一金，员工旅游，定期体检,8-9K,https://www.zhipin.com/job_detail/325d76eb56f268871nZy3d24FVRR.html
Python,鸣啸科技,南京·江宁区·开发区,3-5年本科,架构师,,14-20K·14薪,https://www.zhipin.com/job_detail/c265341b466bc4851XR829m9E1JR.html
Python,筐子,上海·黄浦区·五里桥,1-3年大专,分布式技术,,12-17K,https://www.zhipin.com/job_detail/d2a402c189a464701nJ609S0FFBR.html
Python,星叶未来,连云港·海州区·海昌路,经验不限大专,Python,,4-6K,https://www.zhipin.com/job_detail/92038a7e2452aaf41nJy39--EVZR.html
Python,千乘科技,北京·大兴区·亦庄,1-3年本科,智能驾驶,五险一金,15-22K,https://www.zhipin.com/job_detail/fdfbb2515ae916fc1nd63926GFVQ.html
Python,乔威商贸,太原,1-3年本科,网络编程,加班补助，零食下午茶，五险一金，全勤奖，年终奖,6-10K,https://www.zhipin.com/job_detail/6e9b1f497a0c48221nd73dm-E1VR.html
Python,固源信息科技,济南·历下区·奥体,1-3年学历不限,C/C++,五险一金，节日福利，加班补助，餐补，股票期权，年终奖，全勤奖,7-10K,https://www.zhipin.com/job_detail/129dbab98deea82403d42dW9GFQ~.html
Python,川合地产,贵阳·观山湖区·白云南路,经验不限中专/中技,Python,,15-20K,https://www.zhipin.com/job_detail/1b580ea01bd38e781nV53dy0EVNS.html
python开发,法奔,南京·雨花台区·小行,经验不限学历不限,数据抓取,,8-12K,https://www.zhipin.com/job_detail/2fbf972e8f2d21521nd9292-EFQ~.html
Python讲师,六星教育,长沙·岳麓区·麓谷,经验不限大专,分布式技术,补充医疗保险，带薪年假，零食下午茶，交通补助，节日福利，包吃,4-9K,https://www.zhipin.com/job_detail/ec613a5735dc7f7e1nJz0tS7FVJS.html
Python,极联科技,贵阳·南明区·花果园,1-3年大专,编程人员老师,,1-3K,https://www.zhipin.com/job_detail/b1d73ddf6dd501271XV509y1FlpV.html
Python,有传,深圳·南山区·科技园,3-5年学历不限,分布式技术,通讯补贴，节日福利，带薪年假，餐补，五险一金，年终奖，交通补助，股票期权，员工旅游,15-20K,https://www.zhipin.com/job_detail/163d0809e0251e791nd70tW_EVZR.html
Python,寸草网络,上海·嘉定区·嘉定镇,1-3年本科,网络编程,,10-15K,https://www.zhipin.com/job_detail/1fca10e401a6d2b61n1_2tW_EVJR.html
Python架构,企知道,深圳·南山区·西丽,经验不限本科,搜索引擎技术,零食下午茶，带薪年假，员工旅游，健身房，股票期权，年终奖，节日福利，五险一金，定期体检,40-70K·15薪,https://www.zhipin.com/job_detail/a44506b224018f8c1n1_2t-6GVJQ.html
Python教师,圣地编辅侠,广州·花都区·花山,3-5年硕士,Python,零食下午茶，全勤奖，年终奖，员工旅游，节日福利，五险一金,8-13K,https://www.zhipin.com/job_detail/8f57f064406dc3ec0Hx62d2-FlI~.html
python开发,易宝软件,成都·郫都区·高新西,1-3年本科,Python,餐补，零食下午茶，补充医疗保险，交通补助，五险一金，带薪年假，双休，节日福利，加班补助，六险一金，员工旅游，通讯补贴，定期体检,9-12K,https://www.zhipin.com/job_detail/4e02e3fe7c78c67b1n1_0t67EVFV.html
Python讲师,胖头鱼少儿编程,金华·东阳市·江北,经验不限大专,网络爬虫技术,加班补助，员工旅游，年终奖，补充医疗保险，带薪年假，全勤奖，通讯补贴，交通补助，零食下午茶，股票期权，节日福利,8-10K,https://www.zhipin.com/job_detail/e819e9c5b19731fb1nN40tu4GVNR.html
Python开发,博晟宇,南京·江宁区·将军大道,3-5年本科,数据结构,年终奖，节日福利，员工旅游，五险一金，定期体检,12-15K,https://www.zhipin.com/job_detail/ff4246cdde880fab1XR_3N25EVNX.html
Python教师,极客晨星,扬州·广陵区·文昌百汇-珍园,经验不限本科,C语言,,4-8K,https://www.zhipin.com/job_detail/59ea077ea87870073nJ-2ti9GFQ~.html
Python老师,凌凌兔编程培训,东莞,1-3年本科,Python,零食下午茶，五险一金，员工旅游，餐补,7-12K,https://www.zhipin.com/job_detail/2b8fb32990a94b931nR72tW_EFpR.html
python/scratch讲师,火岩数字,上海,1年以内本科,讲师,,6-11K·13薪,https://www.zhipin.com/job_detail/da7ccd25f26f33e31nVy2dS1EFpQ.html
Python教师,美誉教育,临汾·尧都区·鼓楼南大街,经验不限大专,Python,包吃,3-4K,https://www.zhipin.com/job_detail/0a36abf8a30fff521nV53Nq_GVNW.html
Python研发,洛阳众智软件,洛阳·涧西区·高新区,经验不限大专,Oracle,加班补助，五险一金，节日福利，年终奖，全勤奖,4-8K,https://www.zhipin.com/job_detail/1367d09099c014dd1n193tq1FldR.html
Python开发,网达软件,重庆·渝北区·光电园,1-3年大专,服务器配置,补充医疗保险，五险一金，带薪年假，零食下午茶，节日福利，免费班车，年终奖,9-14K,https://www.zhipin.com/job_detail/06775942069656c01nB_3Ny5EFNW.html
Python老师,多罗科学,太原,1-3年本科,Python,带薪年假，全勤奖，包住，员工旅游，年终奖，五险一金,6-10K,https://www.zhipin.com/job_detail/6bcf783aaea9b06f1nx-39S-GVdV.html
python爬虫,中赢在线,福州·闽侯县·新西客站,1-3年大专,网络爬虫技术,员工旅游，加班补助，五险一金，通讯补贴，工作时间，带薪年假，节日福利，零食下午茶，年终奖,6-9K,https://www.zhipin.com/job_detail/e204b84e2fb363c11XV72tW6GVFQ.html
Python,华电高科环保技术...,北京·海淀区·远大路,1-3年本科,Linux,年终奖，定期体检，餐补，带薪年假，节日福利，五险一金,12-15K,https://www.zhipin.com/job_detail/466048fa99f23b391n1-3d64FFJX.html
Python老师,律动传媒,呼和浩特·新城区·海东路,经验不限本科,Python,员工旅游，零食下午茶，通讯补贴，年终奖，加班补助，餐补，五险一金，全勤奖,4-5K,https://www.zhipin.com/job_detail/e60b9dc42a267cc803V93du9FFc~.html
Python后端,百智享,北京·海淀区·航天桥,1-3年本科,Flask,带薪年假，定期体检，通讯补贴，年终奖，五险一金，交通补助，股票期权，员工旅游，节日福利,12-18K,https://www.zhipin.com/job_detail/ff42a8c850599f1d33F93966GFM~.html
Python,宝隆汽修,儋州,10年以上本科,移动端,,8-12K·13薪,https://www.zhipin.com/job_detail/39a849dee6db38791nV-3tq5EVZR.html
Python老师,编程猫,临沂·罗庄区·麦德龙,经验不限大专,网络编程,通讯补贴，零食下午茶,4-5K,https://www.zhipin.com/job_detail/f4a712b5efe0e3021nd729u6FlNV.html
python开发,溪流科技,北京,1-3年本科,网络爬虫技术,补充医疗保险，员工旅游，餐补，定期体检，带薪年假，五险一金，节日福利，全勤奖，年终奖,11-20K,https://www.zhipin.com/job_detail/5f85de49abf52f5a1nZ52Nq4EVFV.html
Python开发工程师,开源智造,上海·杨浦区·五角场,在校/应届本科,SQL,零食下午茶，通讯补贴，年终奖，加班补助，股票期权，员工旅游，补充医疗保险，带薪年假，定期体检，全勤奖，节日福利，五险一金，餐补,5-8K,https://www.zhipin.com/job_detail/272582049479b7a51XV739W0FFdQ.html
Python工程师,飞榴科技,上海·浦东新区·张江,3-5年本科,微服务架构,交通补助，节日福利，零食下午茶，年终奖，岗位晋升，带薪年假，员工旅游，股票期权，定期体检，五险一金，加班补助，餐补,20-35K,https://www.zhipin.com/job_detail/417455a9c6ab7bac1XR709q0FFNS.html
Python-人民银行,先进数通,北京·西城区·官园,3-5年本科,架构师,年终奖，生日礼金，定期体检，结婚礼金，加班补助，五险一金，通讯补贴，员工旅游，餐补，带薪年假，零食下午茶，节日福利,11-14K·14薪,https://www.zhipin.com/job_detail/ec36a92e6b0ad43f1XZ539i4EVNW.html
Python工程师,思杰马克丁,苏州·苏州工业园区·娄葑,5-10年大专,分布式技术,,20-30K,https://www.zhipin.com/job_detail/67dbe1c851be064d1nx729S8E1NX.html
Python工程师,歌尔,潍坊·奎文区·高新区,经验不限本科,Python,定期体检，股票期权，节日福利，带薪年假，加班补助，五险一金，住房补贴，餐补，免费班车，年终奖，员工旅游，全勤奖,4-9K,https://www.zhipin.com/job_detail/3c656c089ebf0f8c0Xd529m0FVQ~.html
Python开发,南北湖医学研究院,嘉兴·海盐县·武原,1-3年大专,图形图像处理,年终奖，员工旅游，节日福利，加班补助，五险一金，餐补，通讯补贴，带薪年假,4-8K,https://www.zhipin.com/job_detail/9be05982d6a5bf941nJ43tq1GFpW.html
python工程师,飞榴科技,上海·浦东新区·张江,经验不限本科,数据结构,,20-35K·14薪,https://www.zhipin.com/job_detail/bac1fe0bbac5347e1XV-3NW1EFdQ.html
Python程序员,批改网,扬州,经验不限学历不限,微服务架构,全勤奖，五险一金，餐补，交通补助,12-18K,https://www.zhipin.com/job_detail/9965039ab476a62e1XV_2Ni5ElFV.html
Python工程师,信华信,武汉·江夏区·光谷东,3-5年本科,Flask,带薪年假，补充医疗保险，年终奖，定期体检，加班补助，五险一金，免费班车，节日福利,13-22K,https://www.zhipin.com/job_detail/700b01616a3c34a11XV82dy1GFpW.html
Python工程师,易联阳光信息技术,南京·秦淮区·常府街,3-5年本科,网络爬虫技术,加班补助，带薪年假，五险一金，节日福利，交通补助，年终奖,10-15K,https://www.zhipin.com/job_detail/df501423ad0d90491XV-0tS4ElBR.html
Python工程师,优思麦儿,深圳·福田区·华强南,经验不限本科,Python,全勤奖，五险一金,10-15K,https://www.zhipin.com/job_detail/084ffbf0f80c95a31nV_29S5FVJR.html
Python工程师,聪创科技,苏州·苏州工业园区·独墅湖,3-5年本科,Python,通讯补贴，股票期权，五险一金，带薪年假，年终奖,10-12K,https://www.zhipin.com/job_detail/d3520b72365e064e1nV73t--E1JS.html
Python工程师,华苏科技,哈尔滨·南岗区·会展中心,1-3年本科,Django,电脑补贴，带薪年假，五险一金，节日福利，定期体检,10-15K,https://www.zhipin.com/job_detail/8dc9b37ad131ac381XR_2du-FVRW.html
Python工程师,美怡莱,厦门·思明区·软件园,1-3年大专,网络爬虫技术,节日福利，交通补助，年终奖，团建旅游，零食下午茶，带薪年假，全勤奖，加班补助，五险,8-13K·13薪,https://www.zhipin.com/job_detail/0f7700f9466d3d7a1nJy29u-GFZR.html
Python工程师,安悦科技,广州·海珠区·琶洲,1-3年大专,网络爬虫技术,全勤奖，五险一金，交通补助，员工旅游，零食下午茶，带薪年假，节日福利，加班补助,15-20K,https://www.zhipin.com/job_detail/0d7379cce0e1c6d21n1829m_GFdW.html
Python工程师,合肥鑫山,合肥·瑶海区·长淮,1-3年本科,Python工程师,通讯补贴，五险一金，全勤奖，交通补助，加班补助，带薪年假,8-11K·13薪,https://www.zhipin.com/job_detail/1bf68f532e9f36381nF-3Ni5FldR.html
Python工程师,上锐韦森,北京·朝阳区·四惠,1-3年本科,Java,五险一金，定期体检，零食下午茶，带薪年假，交通补助，年终奖，全勤奖，员工旅游，通讯补贴，补充医疗保险，餐补,15-30K·16薪,https://www.zhipin.com/job_detail/96bdbd0bb558d3361XR_3t24GVFQ.html
Python开发,上海悦米,上海·徐汇区·漕河泾,1-3年本科,分布式技术,零食下午茶，带薪年假，交通补助，年终奖，全勤奖，节日福利，五险一金，餐补,16-25K·13薪,https://www.zhipin.com/job_detail/3d41bb4c4a5da1591n1509-4GVdV.html
Python爬虫开发,中科全安,北京·海淀区·中关村,1-3年大专,网络爬虫技术,年终奖，定期体检，五险一金，节日福利，加班补助，带薪年假,9-14K,https://www.zhipin.com/job_detail/48177634603b94251XV72Nm8FVBR.html
Python高级开发,投知网,杭州,3-5年本科,Redis,节日福利，五险一金，员工旅游，住房补贴，加班补助，年终奖，定期体检，零食下午茶，带薪年假,12-24K·13薪,https://www.zhipin.com/job_detail/2252f0041e6cc63c1nN_29i7EFRV.html
Python老师,乐科教育科技,宁波·鄞州区·利时百货,经验不限本科,Python,五险一金，年终奖，带薪年假，员工旅游，节日福利,8-10K,https://www.zhipin.com/job_detail/5280297ace1b17221n163dm1EFVQ.html
Python工程师,乐知加教育,武汉·洪山区·文化大道,1-3年本科,Python,,7-12K,https://www.zhipin.com/job_detail/d9f4abd3f051b6413nN_3t-0F1c~.html
Python工程师,海科云数字,北京·朝阳区·高碑店,3-5年本科,网络爬虫技术,,15-20K,https://www.zhipin.com/job_detail/44d9a6d8ca60aee01n172dS_ElZR.html
Python工程师,中集飞瞳,上海,在校/应届学历不限,图形图像处理,通讯补贴，餐补，交通补助，股票期权，节日福利，补充医疗保险，年终奖，五险一金，包吃,8-9K·14薪,https://www.zhipin.com/job_detail/a679a1dd45aadac61nVy3dy6EVFQ.html
Python工程师,探险家智旅,东莞·东坑镇·东坑镇中心城区,3-5年本科,SQL,全勤奖，节日福利，带薪年假,10-14K,https://www.zhipin.com/job_detail/255e1352b804f64e1n1y39W6EFpR.html
python开发（移动）,同方鼎欣,北京·昌平区·沙河,3-5年本科,SQL,五险一金，五险一金，带薪年假，节日福利，定期体检，补充医疗保险,10-15K,https://www.zhipin.com/job_detail/3b05810cfc9891f21nF-2d20GFdV.html
Python工程师,哲森科技,石家庄·裕华区·谈固,1-3年大专,分布式技术,五险一金，节日福利，全勤奖,5-7K,https://www.zhipin.com/job_detail/d29f06ad0d87843a1n153ti5ElJR.html
Python编程老师,九色鹿学校,福州·晋安区·茶园,经验不限本科,Java,包吃，年终奖，员工旅游，全勤奖，带薪年假，节日福利，五险一金，带薪寒暑假,6-8K·13薪,https://www.zhipin.com/job_detail/f7dec2067026e18a1n180tW_E1JR.html
Python工程师,和裕智诚,武汉·江夏区·光谷,3-5年本科,Django,,15-25K,https://www.zhipin.com/job_detail/7becf4512a6d75251XR53d65FFZQ.html
Python工程师,羲牛智能,石家庄·裕华区·开发区,3-5年大专,Python,五险一金，交通补助，员工旅游，节日福利，带薪年假，通讯补贴，全勤奖，定期体检，年终奖,7-12K,https://www.zhipin.com/job_detail/c228b108041edc8f1n1829q8EVJQ.html
python工程师,基石数据,南京·鼓楼区·龙江,1-3年本科,Python,节日福利，带薪年假，交通补助，员工旅游，定期体检，年终奖，通讯补贴，餐补，六险一金，五险一金,9-14K·13薪,https://www.zhipin.com/job_detail/84e601d6ba4cf88a1nx80tu7EFNW.html
python后端开发,北京象新力,武汉,1-3年本科,Go,零食下午茶，带薪年假，加班补助，股票期权，五险一金，节日福利，年终奖,8-13K,https://www.zhipin.com/job_detail/8390f1635e4617471nB92dW0ElFV.html
Python讲师（编程讲师）,昆明童程童美,昆明,经验不限本科,Python,带薪年假，补充医疗保险，节日福利，定期体检，股票期权，通讯补贴，零食下午茶，餐补，五险一金，员工旅游,10-12K,https://www.zhipin.com/job_detail/bb91489ed555226e1nRz39u-GVpW.html
Python数据处理,同陆云,上海,1-3年本科,SQL,年终奖，餐补，通讯补贴，节日福利，交通补助，定期体检，带薪年假，员工旅游，零食下午茶，加班补助，五险一金，全勤奖,15-25K,https://www.zhipin.com/job_detail/8e0cac4c597373d61n193NW4GVVV.html
Python开发组长,智博天下,合肥·蜀山区·井岗,3-5年本科,Linux,员工旅游，全勤奖，节日福利，年终奖，五险一金，股票期权,12-18K,https://www.zhipin.com/job_detail/858387e8c87f34e01nF92t69ElpQ.html
Python后台开发,噢易云计算,武汉·江夏区·光谷东,1-3年本科,Go,交通补助，员工旅游，股票期权，五险一金，年终奖，餐补，通讯补贴，定期体检，零食下午茶，节日福利，带薪年假，住房补贴,15-17K,https://www.zhipin.com/job_detail/85a0faa10e25c4521XV52NS8E1VQ.html
python架构师,EHSCity,上海,3-5年大专,SQL,通讯补贴，年终奖，五险一金，带薪年假,12-24K,https://www.zhipin.com/job_detail/a26e8a27b352e28e1nBy3t-9GFVQ.html
少儿Python讲师,童程童美,郑州·金水区·体育场,1-3年本科,机器人,年终奖，股票期权，餐补，零食下午茶，带薪年假，定期体检，乐居计划，五险一金，节日福利，员工旅游，加班补助，补充医疗保险,6-9K,https://www.zhipin.com/job_detail/8f304d8d1efd81093nN539m4ElM~.html
Python后端开发,联创信安,北京·昌平区·沙河,3-5年本科,Python,,15-22K,https://www.zhipin.com/job_detail/3a964e9c7f64fa5f3nd42di0EVU~.html
python后端开发,点链科技,深圳·宝安区·石岩,3-5年本科,Django,年终奖，带薪年假，股票期权，五险一金,15-25K·13薪,https://www.zhipin.com/job_detail/ed4f671684480f6b1n1z2ty9GVNX.html
python遥感工程师,坤舆科技,北京·西城区·月坛,1-3年本科,Java,,8-13K,https://www.zhipin.com/job_detail/61f2ffd6f6f9c5191nR83dS0GVVQ.html
python爬虫高级讲师,万卷教育,长沙·岳麓区·麓谷,3-5年大专,python爬虫,,10-20K,https://www.zhipin.com/job_detail/b0dee3fea10315331Xd729m9Flc~.html
Python编程老师,北京乐博乐博,南宁·青秀区·柳沙,经验不限本科,机器人,通讯补贴，节日福利，年终奖，免费班车，股票期权，五险一金，员工旅游，带薪年假,4-8K,https://www.zhipin.com/job_detail/adc6bba5fcafb6af1nV629q1EVZW.html
Python（居家办公）,试玩互动,重庆·南岸区·茶园新区,5-10年本科,消息队列,五险一金，带薪年假，股票期权，员工旅游，留学生落户，生日会，餐补，免费下午茶，季度团建，七险一金，全勤奖，节日福利，免费晚餐，年终奖，定期体检，工作居住证,12-17K,https://www.zhipin.com/job_detail/f8c8e16d946189ca1XV52tW7EFVV.html
**Odoo(Python)工程师**,吃货家科技,武汉·洪山区·光谷,3-5年本科,容器技术,带薪年假，五险一金,10-15K,https://www.zhipin.com/job_detail/1082dbe70aa856c31n1z09S-ElVR.html
Python架构师,众言科技,上海·徐汇区·田林,5-10年本科,多进程,年终奖，股票期权，定期体检，零食下午茶，带薪年假，节日福利，员工旅游，五险一金,30-50K·15薪,https://www.zhipin.com/job_detail/ef2aa50dfcb3ba091nF_3N-6FVtW.html
Python助理工程师,中亿丰数字,苏州·相城区·高铁新城,1年以内本科,SQL,带薪年假，春节长假，年终奖，通讯补贴，餐补，五险一金，股票期权，加班补助，员工旅游,6-8K,https://www.zhipin.com/job_detail/2e05a3509e03d2ca1XR53t65F1ZQ.html
Python开发工程师,南京百敖,上海·闵行区·老闵行,3-5年大专,Linux,,12-18K·13薪,https://www.zhipin.com/job_detail/2a881056e69b283a1XR42966GFtV.html
Python开发工程师,八维通,杭州,3-5年大专,Django,交通补助，零食下午茶，加班补助，通讯补贴，带薪年假，补充医疗保险，餐补，五险一金，年终奖，定期体检，股票期权，节日福利,15-25K·14薪,https://www.zhipin.com/job_detail/fc5176789cb1d4951XV43dq1FVVR.html
Python软件工程师,太极图形,北京·海淀区·中关村,1-3年本科,Go,定期体检，五险一金，年终奖，带薪年假，股票期权，零食下午茶，补充医疗保险，节日福利,20-40K,https://www.zhipin.com/job_detail/6af7d5339553712c1XR43t-9FFRQ.html
Python开发工程师,玺玥信息科技,上海·静安区·火车站,在校/应届学历不限,Python,五险一金，年终奖，全勤奖,5-6K·13薪,https://www.zhipin.com/job_detail/b83daed1a35da9b60HVy39y8GFc~.html
Python开发工程师,启明星辰,佛山·南海区·保利水城,1-3年本科,Python,员工旅游，年终奖，通讯补贴，补充医疗保险，餐补，五险一金，节日福利，交通补助，加班补助，定期体检，带薪年假，全勤奖,10-15K·16薪,https://www.zhipin.com/job_detail/d4ccd25fdc5029e13nV_3d--EVM~.html
Python开发工程师,万维智邦,北京·朝阳区·望京,3-5年本科,SQL,节日福利，员工旅游，五险一金，年终奖，带薪年假,17-22K·15薪,https://www.zhipin.com/job_detail/ce8cdeec12e6ebbe1XR-2tm-FVRW.html
Python开发工程师,太平金科,深圳·福田区·香蜜湖,1-3年大专,网络爬虫技术,带薪年假，补充医疗保险，餐补，加班补助，全勤奖，五险一金，定期体检，节日福利,15-25K·13薪,https://www.zhipin.com/job_detail/537731828ba85c061XV-2dq9ElNX.html
Python研发工程师,威特空间,武汉·洪山区·黄家湖大学城,1-3年本科,服务器配置,股票期权，餐补，带薪年假，定期体检，员工旅游，住房补贴，节日福利，五险一金，年终奖,8-13K·13薪,https://www.zhipin.com/job_detail/367e5326959523a41nF52tW_FldV.html
Python开发工程师,慧科讯业,北京·朝阳区·三元桥,5-10年本科,容器技术,餐补，五险一金，带薪年假，加班补助，年终奖，节日福利，交通补助，零食下午茶,25-50K·15薪,https://www.zhipin.com/job_detail/5da8900ffdc96e461nF63d-1GVJS.html
Python研发工程师,大专家,上海·松江区·新桥,1-3年本科,Flask,住房补贴，年终奖,15-30K,https://www.zhipin.com/job_detail/2749618b36448aeb1XV_2tq8GFdW.html
Python研发工程师,九州云,无锡·新吴区·新安,3-5年本科,Python,带薪年假，定期体检，年终奖，补充医疗保险，零食下午茶，五险一金,15-30K,https://www.zhipin.com/job_detail/bfc3020535ae86aa1nV62t-0F1pV.html
Python开发工程师,京北方,广州·番禺区·市桥,3-5年本科,Django,节日福利，加班补助，定期体检，年终奖，餐补，带薪年假，五险一金，员工旅游,12-18K,https://www.zhipin.com/job_detail/2ce08490343bf81b1XV62dW9EVBQ.html
Python开发工程师,益捷科技,珠海·香洲区·南屏,1-3年本科,Go,丰厚奖金，年度旅游，零食下午茶，定期体检，带薪假期，团建活动，年终奖，零食下午茶，带薪年假，六险一金，提供食宿，节日福利,12-20K,https://www.zhipin.com/job_detail/61825a8cb5ef2c781XZ73d-5FVJR.html
Python老师,未来侠,焦作·武陟县·朝阳二街,经验不限学历不限,Java,,3-5K,https://www.zhipin.com/job_detail/bbca2e477e80be391XV_2NS8FldR.html
Python开发人员,三米明德,杭州·西湖区·小和山,1-3年本科,数据结构,五险一金，年终奖，员工旅游，节日福利，包吃，带薪年假,8-13K,https://www.zhipin.com/job_detail/2632b13b0f172b211nN52ty-ElVR.html
Python开发工程师,OK,北京·海淀区·中关村,3-5年本科,Go,节日福利，带薪年假，餐补，五险一金,15-30K,https://www.zhipin.com/job_detail/e9f7babe9c4cde111XV739i8EFpV.html
Python开发工程师,云迪,杭州,1-3年本科,Python工程师,节日福利，加班补助，股票期权，员工旅游，年终奖，五险一金，定期体检，零食下午茶,8-13K·13薪,https://www.zhipin.com/job_detail/1b29257e3b14d3861nZz09q1ElBW.html
Python开发工程师,玛酷教育,潍坊·奎文区·高新区,经验不限学历不限,Linux,带薪年假，五险一金,5-10K,https://www.zhipin.com/job_detail/d8e64856e8d5c9b61nJz3dm-ElFV.html
python工程师(J10623),先导智能,无锡·新吴区·生态园,1-3年本科,Django,五险一金，通讯补贴，年终奖，带薪年假，包吃，节日福利，加班补助，全勤奖，住房补贴，股票期权，交通补助,15-20K·14薪,https://www.zhipin.com/job_detail/d8e0378c64a035dc1n1_3d-8EFtV.html
java/c++/python 蚂蚁金服校招实习,蚂蚁金服,成都·武侯区·新会展中心,5天/周3个月硕士,Java,员工旅游，节日福利，股票期权，五险一金，餐补，零食下午茶，定期体检，免费班车，带薪年假，年终奖，补充医疗保险，交通补助，加班补助,830-1370元/天,https://www.zhipin.com/job_detail/b2a5425ce790252d0X1z3Ny_GFI~.html
算法与机器学习工程师(实习),千寻位置,上海·杨浦区·新江湾城,4天/周6个月本科,深度学习算法,股票期权，餐补，员工旅游，五险一金，年终奖，节日福利，补充医疗保险，定期体检，带薪年假,180-220元/天,https://www.zhipin.com/job_detail/766635b2b4bad6091nJ_3dy9FFJS.html
实习数据分析师,艺恩,上海·浦东新区·八佰伴,4天/周3个月本科,SPSS,定期体检，零食下午茶，弹性工时，员工旅游，节日福利，带薪年假，通讯补贴，股票期权，五险一金，交通补助，年终奖,120-150元/天,https://www.zhipin.com/job_detail/c255fadd39bc006a1nJy3di8ElBW.html
Python开发工程师,博彦科技,杭州·余杭区·五常,3-5年本科,c++,年终奖，五险一金，节日福利，定期体检，带薪年假，免费班车,14-20K·13薪,https://www.zhipin.com/job_detail/86c4f7486e0047d31XV82NS1F1JQ.html
Python软件开发工程师,华为,成都·郫都区·高新西,3-5年本科,Linux,股票期权，定期体检，零食下午茶，补充医疗保险，加班补助，五险一金，年终奖，餐补，员工旅游，节日福利,15-30K·16薪,https://www.zhipin.com/job_detail/1f58ee052c16bf6e1n182N-1FlpV.html
java python 易语言,易通物联网有限公司,枣庄,1-3年大专,javapython,节日福利，零食下午茶，带薪年假，员工旅游，全勤奖，五险一金,10-15K,https://www.zhipin.com/job_detail/a368df1fe4ba326b1XR-29u9EFZQ.html
python开发/shell/jenkins开发工程师,中软国际,东莞·大朗镇·松佛路,经验不限本科,微服务架构,餐补，免费班车，五险一金，加班补助，零食下午茶，员工旅游，节日福利，年终奖，定期体检，带薪年假,12-24K,https://www.zhipin.com/job_detail/f9d66ca7589680151nxy3du6GFJV.html
Python开发工程师,华为技术有限公司,武汉·江夏区·光谷东,经验不限本科,python,交通补助，补充医疗保险，免费班车，股票期权，通讯补贴，年终奖，住房补贴，加班补助，节日福利，五险一金，带薪年假，餐补，离职补偿，定期体检，全勤奖，员工旅游，零食下午茶,15-30K,https://www.zhipin.com/job_detail/215ae19b0cb27ce91XR_3di9FlBR.html
python开发实习生,绿盟科技,西安·雁塔区·高新软件园,4天/周3个月本科,网络编程,年假递增，餐补，通讯补贴，节日福利，员工旅游，股票期权，加班补助，五险一金，补充医疗保险，定期体检，带薪年假，年终奖,130-180元/天,https://www.zhipin.com/job_detail/dbd0945978e9b3a01nF829S9GFpW.html
算法实习生,京东集团,北京·海淀区·双榆树,4天/周3个月硕士,tensorflow,零食下午茶，免费班车，补充医疗保险，节日福利，带薪年假，定期体检，交通补助，餐补，股票期权，员工旅游，五险一金，包吃，年终奖,200-300元/天,https://www.zhipin.com/job_detail/e3a5db9590359bb103F_29S8E1c~.html
Python,中审华会计师事务所,北京,1-3年大专,人工智能,五险一金，定期体检，年终奖，带薪年假，通讯补贴，员工旅游，加班补助，节日福利,7-12K,https://www.zhipin.com/job_detail/68a98a48f32378f71nZy29S4EFpW.html
Python讲师,六星教育,长沙·岳麓区·麓谷,1-3年大专,分布式技术,交通补助，带薪年假，零食下午茶，补充医疗保险，包吃，节日福利,7-12K,https://www.zhipin.com/job_detail/3786cf8ec7cad5591n1_2t67EFpW.html
Python工程师,昇腾技术,深圳·南山区·前海,在校/应届本科,Python,五险一金，股票期权，零食下午茶，餐补，带薪年假，住房补贴，节日福利,7-12K·13薪,https://www.zhipin.com/job_detail/35c1b3aac99ec87d1nV-29W8E1JW.html
python工程师,软通动力,东莞·大朗镇·松山湖,经验不限本科,Python,免费班车，零食下午茶，带薪年假，节日福利，五险一金，交通补助，团建活动，加班补助，定期体检,12-20K·13薪,https://www.zhipin.com/job_detail/d7a1ed735638d5a53nR_39S9F1I~.html
Python工程师,中赢在线,福州·闽侯县·新西客站,3-5年大专,SQL,零食下午茶，五险一金，节日福利，员工旅游，工作时间，通讯补贴，年终奖，带薪年假，加班补助,9-10K,https://www.zhipin.com/job_detail/28946e2c1e8a95d51XRz3Nm7GVZR.html
Python工程师,担路网,上海·松江区·九亭,经验不限本科,Python,交通补助，年终奖，全勤奖，通讯补贴，带薪年假，节日福利，五险一金,8-13K,https://www.zhipin.com/job_detail/88412f9a6699ef170X153Nq5FlM~.html
Python工程师,瞭风,福州·仓山区·金山,1-3年大专,NoSQL,餐补，定期体检，零食下午茶，五险一金，年终奖，节日福利，加班补助，补充医疗保险，带薪年假,5-8K·13薪,https://www.zhipin.com/job_detail/ec52c003d63d72961nx40t-4GVZR.html
python开发（外派腾讯）,博彦科技,武汉·洪山区·黄家湖大学城,1-3年大专,Go,年终奖，带薪年假，免费班车，五险一金，节日福利，定期体检,9-14K,https://www.zhipin.com/job_detail/32fbf9db1cf506351XZ52Nm5GFJV.html
云计算 python开发工程师,华为,西安·雁塔区·高新软件园,1-3年本科,计算机软件,年终奖，五险一金，股票期权，定期体检，节日福利，零食下午茶，补充医疗保险，加班补助，员工旅游，餐补,15-25K·16薪,https://www.zhipin.com/job_detail/17dbc7edf5e803e733J80t-_EFM~.html
Python开发高级工程师（华为&OD）,华为技术有限公司,深圳·龙岗区·坂田,经验不限本科,python,通讯补贴，年终奖，住房补贴，带薪年假，补充医疗保险，交通补助，餐补，定期体检，加班补助，员工旅游，节日福利，免费班车，股票期权，离职补偿，全勤奖，五险一金，零食下午茶,12-24K·14薪,https://www.zhipin.com/job_detail/c3127e576407f1a21nNz39y9F1tR.html
python,中软国际,广州·天河区·岗顶,3-5年本科,Django,定期体检，零食下午茶，年终奖，免费班车，节日福利，员工旅游，五险一金，带薪年假，餐补，加班补助,12-20K,https://www.zhipin.com/job_detail/63af00a8f00a7c0f1nJ43d-8FlZR.html
Python,绿盟科技,武汉·江夏区·光谷,3-5年本科,Django,定期体检，节日福利，通讯补贴，股票期权，五险一金，年假递增，餐补，员工旅游，年终奖，带薪年假，加班补助，补充医疗保险,20-25K·13薪,https://www.zhipin.com/job_detail/c59bfce582ee033e1nJ-2dq9ElJQ.html
Python讲师,六星教育,长沙·岳麓区·麓谷,1-3年大专,分布式技术,交通补助，节日福利，补充医疗保险，零食下午茶，包吃，带薪年假,12-15K,https://www.zhipin.com/job_detail/2662256230a00b8b1nF939m1FFNX.html
Python后端开发,担路网,上海·松江区·九亭,1-3年本科,Linux,带薪年假，节日福利，交通补助，通讯补贴，年终奖，全勤奖，五险一金,12-24K·13薪,https://www.zhipin.com/job_detail/603a49f09c9f3c2f1nN_096_F1BW.html
Python工程师,华为,东莞·大朗镇·水平广场,经验不限本科,python,餐补，股票期权，定期体检，节日福利，零食下午茶，补充医疗保险，五险一金，年终奖，加班补助，员工旅游,20-21K,https://www.zhipin.com/job_detail/040d7c40152c92ec1nZ709S6EFRV.html
Python,华为技术有限公司,深圳·龙岗区·华为坂田基地,1-3年本科,架构师,年终奖，五险一金，股票期权，带薪年假，定期体检，住房补贴，通讯补贴，加班补助，餐补，员工旅游，全勤奖，补充医疗保险，免费班车，离职补偿，节日福利，零食下午茶，交通补助,15-30K,https://www.zhipin.com/job_detail/0124bfd62da108f31XR639-5GFZV.html
Python,中软国际,上海·浦东新区·金桥,经验不限本科,Python,定期体检，五险一金，免费班车，年终奖，员工旅游，餐补，加班补助，节日福利，零食下午茶，带薪年假,12-24K,https://www.zhipin.com/job_detail/8e0c1a9ea4f61eab1nR739u-FltW.html
python工程师,博彦科技,上海·浦东新区·塘桥,3-5年本科,数据结构,定期体检，年终奖，节日福利，五险一金，免费班车，带薪年假,15-30K,https://www.zhipin.com/job_detail/f9702be6908112db1nF_2tW9GFZQ.html
Python高级开发工程师,华为,西安·雁塔区·高新软件园,经验不限本科,Java,补充医疗保险，五险一金，餐补，定期体检，节日福利，股票期权，员工旅游，零食下午茶，年终奖，加班补助,16-25K·14薪,https://www.zhipin.com/job_detail/de2e4d6dc9858ef91XR62NW0FVtR.html
Python,华为技术有限公司,东莞·大朗镇·松山湖,经验不限本科,Python,定期体检，通讯补贴，免费班车，员工旅游，年终奖，交通补助，带薪年假，零食下午茶，补充医疗保险，股票期权，加班补助，节日福利，餐补，住房补贴，离职补偿，五险一金，全勤奖,15-30K·14薪,https://www.zhipin.com/job_detail/5268df7cb11d62703nVz2dy6EVM~.html
Python,中软国际,保定·莲池区·农大西校区,经验不限大专,Python,免费班车，带薪年假，零食下午茶，餐补，年终奖，加班补助，员工旅游，节日福利，定期体检，五险一金,15-30K,https://www.zhipin.com/job_detail/56bf6f771569f1471nxy09-5FVRW.html
python,华为,东莞·大朗镇·水平广场,在校/应届硕士,微服务架构,股票期权，补充医疗保险，员工旅游，年终奖，定期体检，五险一金，节日福利，零食下午茶，餐补，加班补助,14-28K·16薪,https://www.zhipin.com/job_detail/d8fcf5c6cf87ab9a1nVy3t61E1BQ.html
Python,华为技术有限公司,东莞·大朗镇·松山湖,经验不限本科,网络爬虫技术,餐补，带薪年假，住房补贴，年终奖，股票期权，员工旅游，交通补助，通讯补贴，加班补助，定期体检，补充医疗保险，离职补偿，节日福利，全勤奖，免费班车，五险一金，零食下午茶,30-50K·18薪,https://www.zhipin.com/job_detail/cb9418ca0a7f865c1nZ629y9GVJQ.html
Python,华为,西安·雁塔区·高新软件园,经验不限本科,Go,定期体检，补充医疗保险，员工旅游，零食下午茶，餐补，节日福利，股票期权，加班补助，年终奖，五险一金,15-16K,https://www.zhipin.com/job_detail/aa20bb68c425f02b1nJ63N20EVdR.html
python开发,华为技术有限公司,东莞·大朗镇·松山湖,3-5年本科,算法基础,年终奖，员工旅游，交通补助，股票期权，全勤奖，离职补偿，节日福利，餐补，加班补助，住房补贴，通讯补贴，免费班车，零食下午茶，带薪年假，定期体检，五险一金，补充医疗保险,20-40K,https://www.zhipin.com/job_detail/c18829ab898692711nx709-8E1JW.html
Python,华为,西安·雁塔区·高新软件园,经验不限本科,NoSQL,定期体检，加班补助，节日福利，补充医疗保险，年终奖，餐补，零食下午茶，五险一金，股票期权，员工旅游,18-35K·15薪,https://www.zhipin.com/job_detail/aa7386d4ce5caebe1XV52d6_FFBQ.html
Python开发工程师,华为技术有限公司,西安·雁塔区·高新软件园,1-3年本科,Python,年终奖，带薪年假，加班补助，员工旅游，住房补贴，补充医疗保险，股票期权，零食下午茶，五险一金，离职补偿，交通补助，定期体检，节日福利，全勤奖，通讯补贴，免费班车，餐补,15-30K·16薪,https://www.zhipin.com/job_detail/a94d9c5b6a094f9b1n1-2dy4EVtR.html
Python,华为,深圳·福田区·竹子林,1-3年本科,分布式技术,五险一金，股票期权，加班补助，节日福利，员工旅游，餐补，补充医疗保险，零食下午茶，定期体检，年终奖,20-40K·16薪,https://www.zhipin.com/job_detail/8349e5a4d4a564b71n1y29y0ElVW.html
Python,华为,东莞·大朗镇·松山湖,1-3年本科,Python,节日福利，股票期权，定期体检，零食下午茶，五险一金，补充医疗保险，员工旅游，加班补助，餐补，年终奖,13-26K,https://www.zhipin.com/job_detail/a7a7d24d71c9f57c0Hd-0t-0EFI~.html
Python,华为,西安·雁塔区·紫薇田园都市,3-5年本科,WEB开发,补充医疗保险，五险一金，节日福利，餐补，年终奖，员工旅游，加班补助，股票期权，定期体检，零食下午茶,20-35K,https://www.zhipin.com/job_detail/7c6822b523ac1ee91nV40tS9FltW.html
Python开发,华为,西安·雁塔区·高新软件园,经验不限本科,python,零食下午茶，股票期权，员工旅游，补充医疗保险，年终奖，定期体检，加班补助，节日福利，五险一金，餐补,14-28K·14薪,https://www.zhipin.com/job_detail/7bb5fe301c7424c01nN-29y5GVFV.html
Python开发工程师,华为,深圳·龙岗区·坂田,1-3年本科,容器技术,五险一金，加班补助，零食下午茶，补充医疗保险，年终奖，股票期权，节日福利，餐补，定期体检，员工旅游,16-27K·14薪,https://www.zhipin.com/job_detail/44cd69569cf5ab471XR52ty8EVtV.html
Python,华为,深圳·福田区·竹子林,1-3年本科,分布式技术,五险一金，股票期权，加班补助，节日福利，员工旅游，餐补，补充医疗保险，零食下午茶，定期体检，年终奖,20-40K·16薪,https://www.zhipin.com/job_detail/8349e5a4d4a564b71n1y29y0ElVW.html
Python,华为,东莞·大朗镇·松山湖,1-3年本科,Python,节日福利，股票期权，定期体检，零食下午茶，五险一金，补充医疗保险，员工旅游，加班补助，餐补，年终奖,13-26K,https://www.zhipin.com/job_detail/a7a7d24d71c9f57c0Hd-0t-0EFI~.html
Python,华为,西安·雁塔区·紫薇田园都市,3-5年本科,WEB开发,补充医疗保险，五险一金，节日福利，餐补，年终奖，员工旅游，加班补助，股票期权，定期体检，零食下午茶,20-35K,https://www.zhipin.com/job_detail/7c6822b523ac1ee91nV40tS9FltW.html
Python开发,华为,西安·雁塔区·高新软件园,经验不限本科,python,零食下午茶，股票期权，员工旅游，补充医疗保险，年终奖，定期体检，加班补助，节日福利，五险一金，餐补,14-28K·14薪,https://www.zhipin.com/job_detail/7bb5fe301c7424c01nN-29y5GVFV.html
Python开发工程师,华为,深圳·龙岗区·坂田,1-3年本科,容器技术,五险一金，加班补助，零食下午茶，补充医疗保险，年终奖，股票期权，节日福利，餐补，定期体检，员工旅游,16-27K·14薪,https://www.zhipin.com/job_detail/44cd69569cf5ab471XR52ty8EVtV.html
Python,华为,深圳·福田区·竹子林,1-3年本科,分布式技术,五险一金，股票期权，加班补助，节日福利，员工旅游，餐补，补充医疗保险，零食下午茶，定期体检，年终奖,20-40K·16薪,https://www.zhipin.com/job_detail/8349e5a4d4a564b71n1y29y0ElVW.html
Python,华为,东莞·大朗镇·松山湖,1-3年本科,Python,节日福利，股票期权，定期体检，零食下午茶，五险一金，补充医疗保险，员工旅游，加班补助，餐补，年终奖,13-26K,https://www.zhipin.com/job_detail/a7a7d24d71c9f57c0Hd-0t-0EFI~.html
Python,华为,西安·雁塔区·紫薇田园都市,3-5年本科,WEB开发,补充医疗保险，五险一金，节日福利，餐补，年终奖，员工旅游，加班补助，股票期权，定期体检，零食下午茶,20-35K,https://www.zhipin.com/job_detail/7c6822b523ac1ee91nV40tS9FltW.html
Python开发,华为,西安·雁塔区·高新软件园,经验不限本科,python,零食下午茶，股票期权，员工旅游，补充医疗保险，年终奖，定期体检，加班补助，节日福利，五险一金，餐补,14-28K·14薪,https://www.zhipin.com/job_detail/7bb5fe301c7424c01nN-29y5GVFV.html
Python开发工程师,华为,深圳·龙岗区·坂田,1-3年本科,容器技术,五险一金，加班补助，零食下午茶，补充医疗保险，年终奖，股票期权，节日福利，餐补，定期体检，员工旅游,16-27K·14薪,https://www.zhipin.com/job_detail/44cd69569cf5ab471XR52ty8EVtV.html
