Python爬虫/反爬开发实习（可转正）,购物党,南京,4天/周6个月本科,Python,,200-400元/天,https://www.zhipin.com/job_detail/70da416ffc9b13341nV53N68FFtX.html
高薪诚聘网络爬虫大牛,鼎尖软件,深圳·南山区·南山中心,3-5年本科,爬虫,交通补助，带薪年假，节日福利，加班补助，员工旅游，零食下午茶，通讯补贴，五险一金,15-20K·13薪,https://www.zhipin.com/job_detail/771e95dbd2b677b61nJ729S-GVNQ.html
爬虫工程师（实习）,中数智能,长沙·岳麓区·麓谷,经验不限大专,网络爬虫技术,,2-4K,https://www.zhipin.com/job_detail/bb1dc32a2035fac61XR43tm5FlFX.html
量化策略研发实习生,博易大师,上海·浦东新区·联洋,3天/周3个月本科,量化,定期体检，年终奖，五险一金，带薪年假，员工旅游,100-200元/天,https://www.zhipin.com/job_detail/ab3887aea8094a1a1XR-3tS1F1VZ.html
python爬虫,福建万商堂科技股...,厦门·思明区·莲花,5天/周6个月本科,Linux,加班计算加班，周末双休，五险一金，年终奖，员工旅游，节日福利,120-230元/天,https://www.zhipin.com/job_detail/0441aa23143d867e1XR439m-E1JZ.html
爬虫工程师,浙江省北大信研院,杭州·萧山区·钱江世纪城,5天/周3个月本科,分布式技术,节日福利，定期体检，补充医疗保险，年终奖，带薪年假，股票期权，员工旅游，五险一金，零食下午茶，加班补助,150-200元/天,https://www.zhipin.com/job_detail/6447222996f860b81n142N-9GFFQ.html
爬虫工程师（校招）,谷川联行,天津·西青区·中北,在校/应届本科,网络爬虫技术,全勤奖，零食下午茶，五险一金，交通补助，年终奖，通讯补贴，带薪年假，定期体检，员工旅游，节日福利,7-8K·13薪,https://www.zhipin.com/job_detail/3c991dd75168bfa21n163tS7GFpX.html
python爬虫,稷生科技,广州·天河区·天河公园,在校/应届本科,爬虫工程师,带薪年假，定期体检，加班补助，五险一金，年终奖,3-4K,https://www.zhipin.com/job_detail/f2f828f6e17d121333x92Nu1FlI~.html
爬虫工程师（远程线上办公）,维森大数据,郑州·金水区·郑州东站,5天/周3个月本科,网络爬虫技术,加班补助，五险一金，节日福利，股票期权，带薪年假，年终奖,150-200元/天,https://www.zhipin.com/job_detail/e94e6928d3ed05c61XR509m-GVFZ.html
数据工程师（爬虫）,尘宇空间,北京·海淀区·航天桥,在校/应届本科,网络爬虫技术,年终奖，五险一金，节日福利，定期体检，交通补助，设备补贴，带薪年假，股票期权，支持远程工作，有竞争力薪酬,15-28K,https://www.zhipin.com/job_detail/6c126e2f1c2aa3a81n1y2ti1FVJW.html
爬虫工程师,墨菲安全,北京·海淀区·五道口,5天/周4个月本科,网络爬虫技术,员工旅游，五险一金，股票期权，零食下午茶，带薪年假，节日福利，餐补，年终奖,240-250元/天,https://www.zhipin.com/job_detail/20373329d62d81b81XR_29q5F1pQ.html
python 实习生,悦动天下科技,深圳·南山区·科技园,5天/周6个月本科,数据结构,节日福利，股票期权，定期体检，五险一金，零食下午茶，带薪年假，交通补助，年终奖，餐补，员工旅游,200-250元/天,https://www.zhipin.com/job_detail/a30c5805eddba9b61nJ40ti9FVBZ.html
Python开发工程师 实习生,边缘智能研究院,南京,5天/周6个月本科,网络爬虫技术,节日福利，带薪年假，定期体检，五险一金，加班补助，包吃,100-200元/天,https://www.zhipin.com/job_detail/f0982bdab352c6f81nN529u-GVVV.html
Python爬虫技术实习岗,千际投资,上海,1-3年大专,网络爬虫技术,,1-6K,https://www.zhipin.com/job_detail/1313bbbfae447ea61nB-3tq0ElBW.html
python实习生,梭翱信息技术有限公司,上海·普陀区·长征,5天/周6个月学历不限,网络爬虫技术,周末双休，商业保险，带薪年假，五险一金，餐补，员工旅游，节日福利，季度拓展，生日会，股票期权，零食下午茶，奖金,300-350元/天,https://www.zhipin.com/job_detail/948fe16a713bbef51nx53dy9GFFY.html
实习生,锐捷网络,福州·闽侯县·新西客站,4天/周4个月本科,容器技术,补充医疗保险，五险一金，年终奖，通讯补贴，免费班车，零食下午茶，员工旅游，带薪年假，交通补助，加班补助，包吃，节日福利，定期体检，餐补,100-130元/天,https://www.zhipin.com/job_detail/1426b53ea59983ec1XV73d69FlFS.html
实习生,好奇谷,深圳·南山区·华侨城,4天/周6个月本科,Python,节日福利，员工旅游，定期体检，带薪年假，五险一金，加班补助,100-150元/天,https://www.zhipin.com/job_detail/dfd201f6f759bd820XV-29W5F1s~.html
实习生,东莞证券,上海·浦东新区·花木,4天/周3个月本科,Python,,150-200元/天,https://www.zhipin.com/job_detail/6b8752f01a9cdf3f1nV73t6_F1RZ.html
python实习生,协助网络,合肥·蜀山区·政务区,5天/周3个月本科,网络爬虫技术,节日福利，全勤奖，补充医疗保险，年终奖，加班补助，五险一金，免费班车，股票期权，员工旅游，带薪年假,100-140元/天,https://www.zhipin.com/job_detail/067222eb0852aa091XRz2ty8FVZR.html
实习生,北京双湃智安科技...,沈阳·和平区·三好街,4天/周3个月本科,Python,节日福利，住房补贴，定期体检，带薪年假，餐补，股票期权，包吃，交通补助，五险一金，员工旅游，零食下午茶，年终奖,100-150元/天,https://www.zhipin.com/job_detail/922bdd88db372b120HR43NW0GVI~.html
Python实习生,潍坊飞塔思,潍坊·奎文区·高新区,4天/周3个月学历不限,Linux,零食下午茶，节日福利，大牛带队，带薪年假，员工旅游，年终奖，五险一金,100-150元/天,https://www.zhipin.com/job_detail/3feb8649fb8229c31XRz2ty6FlRU.html
python实习生,慧言科技,天津·西青区·张家窝,4天/周4个月硕士,Python,交通补助，定期体检，餐补，五险一金，零食下午茶,150-230元/天,https://www.zhipin.com/job_detail/dfd9851e5c5869740n1-2t21GFs~.html
数据开发实习生,凯读,北京·朝阳区·国贸,4天/周3个月本科,python,,300-400元/天,https://www.zhipin.com/job_detail/83bb06bd5151f53d1nJ92t67E1ZW.html
python实习生,神荼科技,济南·历城区·汉峪金谷,5天/周6个月本科,Python,,160-240元/天,https://www.zhipin.com/job_detail/5b28c42fe165f0ba1nR63du-F1VQ.html
python实习生,宝牧科技,武汉·洪山区·光谷,在校/应届本科,MySQL,带薪年假，定期体检，节日福利，五险一金，零食下午茶,3-4K,https://www.zhipin.com/job_detail/0765cb83355b695a1XR_2Ny4FVNX.html
Python实习生,昇腾技术,深圳·南山区·前海,5天/周6个月本科,Java,带薪年假，餐补，住房补贴，零食下午茶，节日福利，五险一金，股票期权,150-250元/天,https://www.zhipin.com/job_detail/f98d27a25f24f5701n1639m0ElFR.html
Python实习生,大象机器人,深圳·福田区·华强北,5天/周3个月本科,Python,节日福利，员工旅游，零食下午茶，五险一金，股票期权，团建活动，带薪年假,150-180元/天,https://www.zhipin.com/job_detail/147df001869121661nN-3Nu6EVdT.html
研发实习生,九州云,上海·黄浦区·西藏南路,5天/周6个月本科,python,定期体检，带薪年假，补充医疗保险，五险一金，零食下午茶，年终奖,180-280元/天,https://www.zhipin.com/job_detail/79ca13f97eac6a951n1z3N-_E1VU.html
Python实习生,奢云,杭州·滨江区·长河,4天/周3个月本科,Python,,100-150元/天,https://www.zhipin.com/job_detail/7190215632b06c9a0nF709m9FFc~.html
Python实习生,泛测环境,石家庄·裕华区·怀特,3天/周3个月本科,Django,餐补，定期体检，补充医疗保险，节日福利，通讯补贴，带薪年假，五险一金，交通补助，零食下午茶,130-180元/天,https://www.zhipin.com/job_detail/2002c97212a935c91XR_39m9FFNT.html
Python实习生,瓜豆科技,北京·朝阳区·三里屯,4天/周3个月本科,数据处理,班级式管理，通讯补贴，交通补助，五险一金，节日福利，餐补，零食下午茶,100-180元/天,https://www.zhipin.com/job_detail/acf63b67165a44e41nd609i6GVJY.html
后端实习生,中通服,杭州,5天/周6个月本科,Linux,工会福利，带薪年假，五险一金，加班补助，节日福利，定期体检,150-200元/天,https://www.zhipin.com/job_detail/f1a6fdcd552e8c9e1nZ739i-FFpT.html
算法实习生,上海忻知,上海·杨浦区·东外滩,3天/周6个月硕士,图形图像处理,定期体检，股票期权，零食下午茶，节日福利，五险一金，撸猫，年终奖,300-350元/天,https://www.zhipin.com/job_detail/67e427604a3bca6e1nJ_0t27FltT.html
Python开发实习生,虹软科技,杭州·西湖区·翠苑,3天/周3个月本科,Python,年终奖，包吃，五险一金，定期体检，补充医疗保险，餐补，全勤奖，节日福利，带薪年假，股票期权,150-190元/天,https://www.zhipin.com/job_detail/f77601459e865a651nN-2d6_EldX.html
Python实习生,轻颖科技,武汉·洪山区·鲁巷,4天/周4个月本科,Python,,150-300元/天,https://www.zhipin.com/job_detail/92810082b46e1b5d1nZ_3t-1FVVZ.html
Python实习生,梯度科技,长沙·岳麓区·望岳,5天/周3个月硕士,Go,零食下午茶，补充医疗保险，员工旅游，定期体检，贡献代码奖，节日福利，带薪年假，包吃，年终奖，五险一金，每周运动健身，餐补，试用期全薪，股票期权,160-220元/天,https://www.zhipin.com/job_detail/6077705c0ceae30e1XV529W6EVVW.html
python实习生,深云智合,北京·海淀区·牡丹园,5天/周3个月本科,python,五险一金，零食下午茶，节日福利,210-260元/天,https://www.zhipin.com/job_detail/db23695d6c18608f1nJ43dW6FFFZ.html
python实习生,驰远科技,北京·海淀区·双榆树,5天/周4个月本科,图形图像处理,加班调休，五险一金，定期体检，节日福利，零食下午茶，带薪年假，年终奖,100-200元/天,https://www.zhipin.com/job_detail/5b0a61cd326f9a691nN639q-GFVX.html
后端实习生,一蓦,杭州·余杭区·未来科技城,5天/周5个月本科,Linux,五险一金,150-200元/天,https://www.zhipin.com/job_detail/f9c7667fab5aa29b1XV709i6E1FX.html
量化实习生,进化时代科技,北京·昌平区·龙泽,5天/周4个月本科,Python,零食下午茶，员工旅游，定期体检，带薪年假，五险一金，股票期权，年终奖，住房补贴，交通补助，加班补助，补充医疗保险，餐补,300-500元/天,https://www.zhipin.com/job_detail/715713df2b1675791n152dy1FVVR.html
量化实习生,海南三亚香农私募...,上海·长宁区·新华路,3天/周3个月本科,MySQL,,200-300元/天,https://www.zhipin.com/job_detail/6c2f1920fbef7cb01nx_0tW-ElVX.html
研发实习生,360集团,北京·朝阳区·酒仙桥,5天/周3个月本科,软件设计,餐补，免费班车，通讯补贴，交通补助,160-250元/天,https://www.zhipin.com/job_detail/95ae3821663d81a61XV_3dq8FVBY.html
实习生Python,迪捷软件,绍兴·越城区·迪荡新城,5天/周6个月本科,Java,节日福利，住房补贴，股票期权，补充医疗保险，年终奖，带薪年假，定期体检，五险一金,190-250元/天,https://www.zhipin.com/job_detail/6ce9ab4c9a3747de1nx80t61GFtX.html
全栈实习生,天天罗宝,合肥·蜀山区·高新区,4天/周6个月硕士,Linux,年终奖，五险一金，零食下午茶，带薪年假，节日福利，员工旅游，全勤奖,120-160元/天,https://www.zhipin.com/job_detail/c2a75c04df6544dd1nF50928FVtZ.html
python实习生,蓝狐思远,北京·朝阳区·望京,4天/周3个月本科,Linux,年终奖，五险一金，节日福利，带薪年假,200-300元/天,https://www.zhipin.com/job_detail/58ac7f0a7d22780033J_39q8EVI~.html
Python实习生,医渡云,北京·海淀区·牡丹园,4天/周3个月硕士,Python,节日福利，定期团建，股票期权，餐补，五险一金，补充商业保险，定期体检，带薪年假，年终奖,240-250元/天,https://www.zhipin.com/job_detail/3bc29cf52d042c040XZ53tu-ElU~.html
开发实习生,星阑科技,北京·海淀区·中关村,3天/周5个月本科,Java,通讯补贴，员工旅游，股票期权，零食下午茶，带薪年假，补充医疗保险，餐补，定期体检，节日福利，住房补贴，加班补助，交通补助，年终奖，五险一金,200-300元/天,https://www.zhipin.com/job_detail/8ca5380024edffe31XRz2ti4GFVZ.html
编程实习生,好未来,无锡·梁溪区·五爱广场,3天/周3个月大专,C++,商业保险，定期体检，购房福利，全勤奖，餐补，带薪年假，不定期培训，年终奖，五险一金，补充医疗保险，节日福利,100-180元/天,https://www.zhipin.com/job_detail/400140db64dc6afc1XR_09y_GFdY.html
研发实习生,北京知道创宇,北京·朝阳区·望京,4天/周5个月本科,Linux,定期体检，年终奖，股票期权，零食下午茶，补充医疗保险，交通补助，全勤奖，员工旅游，节日福利，春节假期，带薪年假，八险一金，餐补，通讯补贴,200-250元/天,https://www.zhipin.com/job_detail/2db0008ae76f952b1nN-3dm5E1VW.html
后端实习生,深思慧聚,成都·武侯区·省体育馆,3天/周6个月学历不限,数据结构,住房补贴，加班补助，五险一金，节日福利，补充医疗保险，员工旅游，交通补助，餐补，年终奖，定期体检，通讯补贴，零食下午茶，带薪年假，全勤奖，股票期权,100-160元/天,https://www.zhipin.com/job_detail/d20af017e5fcb2e11n172dW7FlRX.html
后端实习生,十域科技,杭州·余杭区·五常,5天/周3个月本科,后端开发,带薪年假，定期体检，节日福利，员工旅游，零食下午茶，通讯补贴，全勤奖，五险一金，年终奖,150-200元/天,https://www.zhipin.com/job_detail/274755bee80c728e1nNy3tS-E1A~.html
Python实习生,源诚科技,杭州·西湖区·文二路,5天/周3个月本科,网络爬虫技术,带薪年假，补充医疗保险，零食下午茶，五险一金，股票期权，节日福利，员工旅游，定期体检，年终奖,150-300元/天,https://www.zhipin.com/job_detail/d8ac4767d8268fa51nx43tm_FVRR.html
Python实习生,紫勋智能,北京·海淀区·上地,4天/周3个月本科,Python,股票期权，五险一金，补充医疗保险，带薪年假，零食下午茶,200-250元/天,https://www.zhipin.com/job_detail/265b9b9af4b6fcd73nVz09-5F1A~.html
RPA实习生,希艾欧,苏州·苏州工业园区·独墅湖,5天/周3个月本科,Java,全勤奖，年终奖，住房补贴，五险一金,150-200元/天,https://www.zhipin.com/job_detail/668d595f18344b5c1XV43N2_E1pR.html
RPA开发实习生,达观数据,南宁·兴宁区·民主路,3天/周6个月本科,SQL,定期体检，补充医疗保险，带薪年假，员工旅游，达观大讲堂，零食下午茶，年终奖，五险一金，节日福利，股票期权,100-150元/天,https://www.zhipin.com/job_detail/49b63c396a4f51791n1829m4F1RQ.html
后端开发实习生,百度,北京·海淀区·西北旺,5天/周5个月本科,Go,补充医疗保险，年终奖，带薪年假，通讯补贴，节日福利，住房补贴，餐补，员工旅游，加班补助，定期体检，零食下午茶，交通补助，免费班车，娱乐健身，五险一金,200-400元/天,https://www.zhipin.com/job_detail/2cbbefe84e7cd5dd1XV72N66EVZX.html
python实习生,聪创科技,苏州·苏州工业园区·独墅湖,4天/周3个月本科,数据结构,股票期权，五险一金，通讯补贴，年终奖，带薪年假,200-250元/天,https://www.zhipin.com/job_detail/1f884f183f039bcf1n1y3du5FlJR.html
Python开发实习生,杭州创呗网络科技...,杭州·滨江区·长河,4天/周3个月学历不限,Java,五险一金，年终奖，股票期权，加班补助，通讯补贴，带薪年假，员工旅游，游戏机，Party，零食下午茶，交通补助，节日福利,200-400元/天,https://www.zhipin.com/job_detail/cc579c18d7899db41n1829m5FVpQ.html
Python研发实习生,中国科学院软件研究所,北京·海淀区·中关村,3天/周1个月硕士,SQL,带薪年假，年终奖，五险一金，定期体检，节日福利,100-150元/天,https://www.zhipin.com/job_detail/f9929eaa51fcef271XR-2N60EFtT.html
后端研发实习生,人人公司,北京·朝阳区·酒仙桥,4天/周3个月本科,Java,五险一金,150-250元/天,https://www.zhipin.com/job_detail/34895e635d6f5e241nJ-2Ny5ElJY.html
IT实习生,嘉吉动物蛋白,滁州,1天/周2个月本科,Java,,100-120元/天,https://www.zhipin.com/job_detail/670beff47f7b4f981n1-0tm8GFBT.html
量化开发实习生,上海罡兴投资,北京·海淀区·五道口,3天/周3个月本科,cta,零食下午茶，年终奖，带薪年假，定期体检，五险一金，股票期权，补充医疗保险，交通补助，节日福利，员工旅游,400-800元/天,https://www.zhipin.com/job_detail/d217a7467692fe711XZ629q1EVtT.html
视觉算法实习生,跳悦智能科技有限公司,北京·朝阳区·太阳宫,4天/周3个月本科,python,交通补助，报销卫生打扫，带薪年假，定期体检，零食下午茶，餐补，年终奖，股票期权，五险一金，包吃,200-250元/天,https://www.zhipin.com/job_detail/71a68f7ac2430a971n1z29y-E1VY.html
python研发实习生,紫龙游戏,北京·朝阳区·姚家园,4天/周3个月本科,数据结构,带薪年假，餐补，节日福利，年终奖，员工旅游，五险一金，加班补助，补充医疗保险，定期体检,200-300元/天,https://www.zhipin.com/job_detail/b7a775563878d0761XV93tW_EVBW.html
python研发实习生,戎磐,上海·长宁区·仙霞,5天/周6个月本科,数据结构,零食下午茶，员工旅游，五险一金，家庭福利，加班补助，带薪年假，季度团建，股票期权，节日福利，额外假期，定期体检，年终奖，生日福利,200-400元/天,https://www.zhipin.com/job_detail/5d8f6850ec466cab1nNz3Nm1F1BQ.html
统计学实习生,夏数智能科技,上海·杨浦区·五角场,3天/周6个月本科,Boosting,餐补，住房补贴，交通补助，带薪年假，员工旅游，通讯补贴,200-250元/天,https://www.zhipin.com/job_detail/6edc3fb311fc9c281n173N27GFBU.html
软件开发（实习生）,库克智能,深圳·南山区·科技园,2天/周5个月硕士,Java,零食下午茶，员工旅游，定期体检，全勤奖，餐补，带薪年假，五险一金，节日福利,200-250元/天,https://www.zhipin.com/job_detail/25f8dbcec0f3f2231XRz3dq7EFZT.html
python实习生（RPA）,点点智联,北京·丰台区·角门,5天/周6个月大专,Unix,带薪年假，节日福利，五险，带薪培训，年终奖，定期体检，每年多次调薪,180-300元/天,https://www.zhipin.com/job_detail/0e3f99b881782c541XR43dm6GFNS.html
Python开发实习生,独到科技,北京·海淀区·五道口,5天/周3个月本科,Django,分享会，带薪年假，节日福利，补充医疗保险，员工旅游，零食下午茶，五险一金,150-250元/天,https://www.zhipin.com/job_detail/10cc325c22acc1711XR73dW_EVVW.html
后端python实习生-苏州,爱特曼,苏州,4天/周4个月本科,后端开发,五险一金，零食下午茶，年终奖，带薪年假，节日福利,200-350元/天,https://www.zhipin.com/job_detail/9babc2dd6a8ffcc41nR-2tq-FFtY.html
RPA实习生,得物App,上海·杨浦区·东外滩,4天/周5个月本科,Java,住房补贴，节日福利，带薪年假，股票期权，餐补，年终奖，员工旅游，加班补助，交通补助，零食下午茶，定期体检，五险一金,150-200元/天,https://www.zhipin.com/job_detail/7e1dd2ed46d5aab91XV63Ny5EldS.html
后端研发实习生,UnitedStack,北京·海淀区·学院路,5天/周6个月本科,后端开发,带薪年假，零食下午茶，补充医疗保险，五险一金，定期体检，交通补助，加班补助,150-200元/天,https://www.zhipin.com/job_detail/caf0354f08dbe2490X173N-5ElI~.html
python实习生-可远程,边源科技,北京·海淀区·中关村,5天/周3个月学历不限,Java,年终奖，补充医疗保险，定期体检，带薪年假，五险一金，员工旅游,150-300元/天,https://www.zhipin.com/job_detail/4bd80347462be5821XV82tW0FlRQ.html
Python/Java 实习生,揉石科技,呼和浩特·赛罕区·乌兰察布路,5天/周6个月大专,Python,,30-50元/天,https://www.zhipin.com/job_detail/9c1640f99baa48b71XR_2dq6GVpZ.html
C/C++/python实习生,云识科技,厦门·集美区·杏林,4天/周6个月本科,图形图像处理,带薪年假，五险一金，加班补助，年终奖，节日福利,100-200元/天,https://www.zhipin.com/job_detail/449804e8791a7cb71nN53NS5GVJR.html
IT实习生-开发,亮兮柯电气,嘉兴·秀洲区·高照,5天/周3个月大专,SQL,免费班车，生日卡券，包吃，员工旅游，定期体检，年终奖，节日福利，带薪年假，五险一金,100-150元/天,https://www.zhipin.com/job_detail/5cb3562040f909cb1XR83ty0FFRX.html
Python开发(实习生),南京旭儒,南京·雨花台区·宁南,5天/周6个月大专,Linux,五险一金，年终奖，零食下午茶，加班补助，节日福利,120-150元/天,https://www.zhipin.com/job_detail/e58ba76bb2fb98191n1z2tu8ElRU.html
python开发实习生,雾帜智能,广州·天河区·车陂,5天/周3个月本科,Linux,五险一金，试用期不打折，节日福利，零食下午茶，定期体检，带薪年假，年终奖，员工旅游，餐补，交通补助，加班补助,150-200元/天,https://www.zhipin.com/job_detail/282ef754febd2dcb1n1y0tS5F1RX.html
项目开发实习生,智臾科技,杭州·萧山区·北干,5天/周3个月本科,Java,五险一金，节日福利，零食下午茶，股票期权，带薪年假，年终奖，包吃,200-250元/天,https://www.zhipin.com/job_detail/f7a01a26c43df4a91XV-2ty6E1FS.html
Python工程师实习生,乐言科技,上海·长宁区·中山公园,3天/周5个月本科,SQL,年终奖，带薪年假，定期体检，补充医疗保险，节日福利，零食下午茶，五险一金,200-350元/天,https://www.zhipin.com/job_detail/aad54ab981dd64a21XR62Ny7ElVT.html
网络开发实习生,今日头条,北京·海淀区·双榆树,4天/周3个月本科,Go,包吃，加班补助，零食下午茶，免费班车，股票期权，通讯补贴，带薪年假，交通补助，住房补贴，补充医疗保险，年终奖，员工旅游，节日福利，定期体检,390-410元/天,https://www.zhipin.com/job_detail/81e1e6c9e478ecdc1XZ-2Nu6F1dW.html
PyQT开发实习生,泛研院,济南·天桥区·北园,4天/周3个月本科,PYQT,带薪年假，定期体检，五险一金，节日福利，年终奖，餐补,100-150元/天,https://www.zhipin.com/job_detail/0ee3bb45a3ca861b1nx52NS6FFNY.html
软件开发实习生,广州申迪,广州·越秀区·杨箕,4天/周6个月本科,Java,交通补助，通讯补贴，电脑补贴，带薪年假，五险一金，年终奖，零食下午茶，节日福利，餐补，员工旅游，补充医疗保险，定期体检,150-180元/天,https://www.zhipin.com/job_detail/1bd771c16ae34ee11nJ72N65EVVV.html
后端开发实习生,十方融海,深圳·南山区·科技园,5天/周6个月本科,SQL,餐补，员工旅游，零食下午茶，五险一金，节日福利，定期体检，全勤奖，带薪年假，年终奖，包吃,300-400元/天,https://www.zhipin.com/job_detail/70db49439919d0841nx82Nm5E1dW.html
运维开发实习生,杭州默安科技有限公司,杭州·余杭区·未来科技城,5天/周6个月本科,Linux,餐补，员工旅游，年终奖，带薪年假，节日福利，定期体检，五险一金,230-240元/天,https://www.zhipin.com/job_detail/be565bc5ea2152a21nJ939u9E1dU.html
实习生-运维开发实习生,首都在线,武汉·洪山区·光谷,在校/应届本科,Java,员工旅游，补充医疗保险，带薪年假，股票期权，餐补，零食下午茶，交通补助，定期体检，通讯补贴，免费班车，五险一金,9-14K,https://www.zhipin.com/job_detail/fe2f13d37bcfec501XV52dq1GFVR.html
后端开发实习生,云影天光,深圳·光明区·光明,在校/应届本科,Go,加班补助，五险一金，股票期权，节日福利，定期体检，带薪年假，年终奖,4-8K,https://www.zhipin.com/job_detail/9c4514b4643770c91nZ429W1GFpQ.html
全栈开发实习生,数瞳科技,苏州,4天/周3个月本科,Django,,150-220元/天,https://www.zhipin.com/job_detail/56fd4292bd43c83f1nF72t67EFJT.html
python工程师实习生,华讯网络,广州,4天/周4个月本科,Django,交通补助，补充医疗保险，通讯补贴，定期体检，带薪年假，年终奖，员工旅游，五险一金,150-200元/天,https://www.zhipin.com/job_detail/e26d8947d88c1fcb1XRz3968ElZW.html
后端开发实习生,字节跳动,广州·天河区·猎德,4天/周3个月本科,Go,定期体检，包吃，零食下午茶，节日福利，加班补助，住房补贴，员工旅游，餐补，补充医疗保险，交通补助，通讯补贴，五险一金，年终奖，带薪年假，股票期权,200-250元/天,https://www.zhipin.com/job_detail/7a969d82f2543a2e1XR_2tS5GFJS.html
数据分析实习生（python方向）,广州准星,广州·海珠区·东晓,3天/周6个月学历不限,网络爬虫技术,带薪年假，员工旅游，五险一金，节日福利，零食下午茶,60-100元/天,https://www.zhipin.com/job_detail/2e7acb8f94c0310b1nd43t--FFRT.html
Python开发实习生,臻奇网络,杭州·滨江区·浦沿,4天/周3个月本科,Python,节日福利，定期体检，员工旅游，零食下午茶，带薪年假，全勤奖，五险一金，加班补助，股票期权，年终奖,200-400元/天,https://www.zhipin.com/job_detail/026ec31e78814e721nR-3tm7EFFT.html
后端开发实习生,扇贝,南京·玄武区·徐庄软件园,4天/周3个月本科,Go,五险一金，年终奖，带薪年假，定期体检，补充医疗保险,180-250元/天,https://www.zhipin.com/job_detail/cb1329f70890d60e1nx429i-GVtR.html
Python开发（实习生）,慧博云通,北京·海淀区·中关村,7天/周3个月本科,Django,带薪年假，五险一金，节日福利，补充医疗保险，加班补助，年终奖，股票期权，定期体检,230-250元/天,https://www.zhipin.com/job_detail/d5fff762a7536ed91XZ-0t--FltW.html
后端开发实习生,浙江智加信息科技...,宁波,5天/周3个月学历不限,Go,餐补，五险一金，节日福利，员工旅游，零食下午茶，交通补助，全勤奖，游戏竞技，分享会，年终奖，带薪年假,150-200元/天,https://www.zhipin.com/job_detail/8b72ce40e703eee11nJ-2dW6E1FZ.html
数据处理实习生,闻政,上海·杨浦区·五角场,3天/周2个月本科,MySQL,年终奖，餐补，补充医疗保险，五险一金，加班补助，通讯补贴，定期体检，交通补助,120-150元/天,https://www.zhipin.com/job_detail/9ec54e5e710d71b51nx93t67F1RQ.html
后端开发实习生,AKULAKU,深圳·南山区·科技园,4天/周3个月本科,后端开发,带薪年假，定期体检，零食下午茶，补充医疗保险，五险一金，加班补助，股票期权，员工旅游，年终奖，节日福利,150-200元/天,https://www.zhipin.com/job_detail/669545f134a3e8a41XV72Nm8EVJR.html
后端开发实习生,千象资产,上海·浦东新区·陆家嘴,4天/周3个月本科,SQL,定期体检，五险一金，带薪年假，餐补，零食下午茶，年终奖，股票期权，节日福利，住房补贴，员工旅游，补充医疗保险,250-300元/天,https://www.zhipin.com/job_detail/963d39aa2f381abd1XV52Ni1GVRS.html
python开发实习生,中控微电子,宁波·海曙区·望春,4天/周4个月本科,python,定期体检，餐补，通讯补贴，五险一金，包吃，节日福利，交通补助，员工旅游，住房补贴，年终奖，补充医疗保险，带薪年假，零食下午茶,120-170元/天,https://www.zhipin.com/job_detail/d64463ddbba2b2a21nF92N-5FlBY.html
Python开发实习生,九章算法,杭州·西湖区·西溪,5天/周3个月本科,Python,五险一金，带薪年假，节日福利，零食下午茶，定期体检，年终奖,180-200元/天,https://www.zhipin.com/job_detail/9a6e145415d36df81nN-3di7EFdS.html
软件工程实习生,思爱普,西安·雁塔区·紫薇田园都市,4天/周6个月本科,Java,补充医疗保险，带薪年假，节日福利，股票期权，加班补助，定期体检，年终奖，五险一金,150-300元/天,https://www.zhipin.com/job_detail/cc4050f67d9c8bda1XR72d21GVFY.html
python开发实习生,爻塔科技,上海·闵行区·华漕,4天/周6个月硕士,MongoDB,五险一金,250-500元/天,https://www.zhipin.com/job_detail/7fc663ee8b83168f1nN60tW0GFZV.html
云计算实习生,机智云,广州,在校/应届本科,Go,五险一金，交通补助，员工旅游，零食下午茶，带薪年假，股票期权，通讯补贴，年终奖，节日福利，定期体检,5-7K,https://www.zhipin.com/job_detail/87acc302de03c79d1XV-2t29FVNQ.html
技术运营实习生,巴比特,杭州·西湖区·西溪,5天/周6个月本科,Python,五险一金，年终奖，全勤奖，节日福利，带薪年假，定期体检，股票期权，员工旅游，零食下午茶，年中奖，团建费,250-300元/天,https://www.zhipin.com/job_detail/9ade70243a7c5ac70Xx92tW8F1A~.html
Python Web实习生,担路网,上海·松江区·九亭,6天/周12个月本科,Python,全勤奖，带薪年假，节日福利，年终奖，五险一金，交通补助，通讯补贴,150-200元/天,https://www.zhipin.com/job_detail/75411f76e5f55fa80X172tW7E1M~.html
软件开发实习生,知造数据,青岛·市北区·南京路北段,5天/周3个月本科,Java,零食下午茶，交通补助，节日福利，全勤奖，定期体检，餐补，年终奖，五险一金,150-200元/天,https://www.zhipin.com/job_detail/b47e58da3d0fc20d1n1-2tS6FFtZ.html
后端开发实习生,小冰,北京·海淀区·万泉河,4天/周3个月本科,Linux,定期体检，零食下午茶，节日福利，年终奖，带薪年假，补充医疗保险，餐补，五险一金,150-200元/天,https://www.zhipin.com/job_detail/0fc496a5bcc369bc1XV-396_ElNZ.html
大数据课程开发-实习生,湖南智擎,长沙·岳麓区·麓谷,3天/周2个月本科,Java,员工旅游，五险一金，交通补助，年终奖，加班补助，节日福利，包吃，补充医疗保险，定期体检,70-140元/天,https://www.zhipin.com/job_detail/ea0d86a43bac644b1XV43dS6FVRQ.html
安全开发实习生,观安信息,北京·朝阳区·牡丹园,5天/周3个月本科,容器技术,定期体检，股票期权，加班补助，交通补助，节日福利，五险一金，零食下午茶，通讯补贴，员工旅游，带薪年假，年终奖,180-240元/天,https://www.zhipin.com/job_detail/67f4b5ec649684211n162N-9EVZU.html
Python开发实习生,天融信,武汉·东西湖区·吴家山,4天/周6个月本科,Flask,通讯补贴，带薪病假5天，补充医疗保险，定期体检，春节11天假，年终奖，五险一金，交通补助，带薪年假，股票期权，餐补，节日福利,150-200元/天,https://www.zhipin.com/job_detail/065211f512e85e941XV-2d--EldS.html
Python开发实习生,上海理想,广州·海珠区·工业大道,5天/周6个月本科,Django,带薪年假，加班补助，五险一金，年终奖,150-200元/天,https://www.zhipin.com/job_detail/0c29e20c804d62e21XR62dm-EVtY.html
Python开发实习生,嬴彻科技,上海,4天/周3个月本科,深度学习,年终奖，餐补，股票期权，通讯补贴，五险一金，定期体检，补充医疗保险，带薪年假,250-350元/天,https://www.zhipin.com/job_detail/c244b0a2b6781ea11n1y2NS1EVZQ.html
RPA开发实习生,广东文丰信息科技,广州·黄埔区·科学城,在校/应届本科,Java,节日福利，带薪年假，零食下午茶，五险一金，交通补助，员工旅游，全勤奖，餐补，通讯补贴,3-4K,https://www.zhipin.com/job_detail/1218ae9e3217a4531n183dy5FVtT.html
Python开发实习生,淘利资产,上海,4天/周2个月本科,数据结构,带薪年假，五险一金，员工旅游，定期体检，餐补，交通补助，全勤奖,150-180元/天,https://www.zhipin.com/job_detail/fd671aee9c1c5b4e1nF739u0EVdQ.html
Python开发实习生(西安),JoinQuant聚宽,西安·雁塔区·绿地世纪城,4天/周6个月本科,Django,节日福利，股票期权，定期体检，带薪年假，年终奖，员工旅游，餐补，补充医疗保险，零食下午茶，五险一金,200-280元/天,https://www.zhipin.com/job_detail/026fdb61321aaf6b1nN439-9GVRS.html
技术实习生,新意互动,北京·海淀区·动物园,3天/周3个月本科,SQL,通讯补贴，交通补助，带薪年假，五险一金，年终奖，补充医疗保险，餐补，定期体检，节日福利,150-180元/天,https://www.zhipin.com/job_detail/112738ab579c1fae1XV72di9EFRX.html
IT实习生,惠东碧桂园科技城,惠州·惠城区·水口,5天/周3个月本科,Java,,100-150元/天,https://www.zhipin.com/job_detail/06518ba68ec4a2290HB73dy4FFI~.html
Python实习生,梭捷,上海·普陀区·长征,5天/周2个月大专,SQL,,200-300元/天,https://www.zhipin.com/job_detail/6c5547cbb40b10941XR739i5EFRQ.html
Python后端开发实习生,广州甲龙,广州·番禺区·石基,6天/周6个月本科,Django,五险一金，股票期权，全勤奖，住房补贴，零食下午茶，带薪年假，年终奖,110-150元/天,https://www.zhipin.com/job_detail/f398f3fc386a12561XRy3N-4GVBR.html
后端开发实习生（廊坊）,ZingFront,北京,5天/周6个月本科,Java,住房补贴，零食下午茶，股票期权，定期体检，补充医疗保险，员工旅游，节日福利，五险一金，带薪年假,180-220元/天,https://www.zhipin.com/job_detail/d219f26b8fc0dc5e1n1_29W0GVZX.html
数据分析实习生（python方向）,广州准星,广州·海珠区·东晓,3天/周6个月学历不限,网络爬虫技术,带薪年假，员工旅游，五险一金，节日福利，零食下午茶,60-100元/天,https://www.zhipin.com/job_detail/2e7acb8f94c0310b1nd43t--FFRT.html
Python开发实习生,臻奇网络,杭州·滨江区·浦沿,4天/周3个月本科,Python,节日福利，定期体检，员工旅游，零食下午茶，带薪年假，全勤奖，五险一金，加班补助，股票期权，年终奖,200-400元/天,https://www.zhipin.com/job_detail/026ec31e78814e721nR-3tm7EFFT.html
后端开发实习生,扇贝,南京·玄武区·徐庄软件园,4天/周3个月本科,Go,五险一金，年终奖，带薪年假，定期体检，补充医疗保险,180-250元/天,https://www.zhipin.com/job_detail/cb1329f70890d60e1nx429i-GVtR.html
Python开发（实习生）,慧博云通,北京·海淀区·中关村,7天/周3个月本科,Django,带薪年假，五险一金，节日福利，补充医疗保险，加班补助，年终奖，股票期权，定期体检,230-250元/天,https://www.zhipin.com/job_detail/d5fff762a7536ed91XZ-0t--FltW.html
后端开发实习生,浙江智加信息科技...,宁波,5天/周3个月学历不限,Go,餐补，五险一金，节日福利，员工旅游，零食下午茶，交通补助，全勤奖，游戏竞技，分享会，年终奖，带薪年假,150-200元/天,https://www.zhipin.com/job_detail/8b72ce40e703eee11nJ-2dW6E1FZ.html
数据处理实习生,闻政,上海·杨浦区·五角场,3天/周2个月本科,MySQL,年终奖，餐补，补充医疗保险，五险一金，加班补助，通讯补贴，定期体检，交通补助,120-150元/天,https://www.zhipin.com/job_detail/9ec54e5e710d71b51nx93t67F1RQ.html
后端开发实习生,AKULAKU,深圳·南山区·科技园,4天/周3个月本科,后端开发,带薪年假，定期体检，零食下午茶，补充医疗保险，五险一金，加班补助，股票期权，员工旅游，年终奖，节日福利,150-200元/天,https://www.zhipin.com/job_detail/669545f134a3e8a41XV72Nm8EVJR.html
后端开发实习生,千象资产,上海·浦东新区·陆家嘴,4天/周3个月本科,SQL,定期体检，五险一金，带薪年假，餐补，零食下午茶，年终奖，股票期权，节日福利，住房补贴，员工旅游，补充医疗保险,250-300元/天,https://www.zhipin.com/job_detail/963d39aa2f381abd1XV52Ni1GVRS.html
python开发实习生,中控微电子,宁波·海曙区·望春,4天/周4个月本科,python,定期体检，餐补，通讯补贴，五险一金，包吃，节日福利，交通补助，员工旅游，住房补贴，年终奖，补充医疗保险，带薪年假，零食下午茶,120-170元/天,https://www.zhipin.com/job_detail/d64463ddbba2b2a21nF92N-5FlBY.html
Python开发实习生,九章算法,杭州·西湖区·西溪,5天/周3个月本科,Python,五险一金，带薪年假，节日福利，零食下午茶，定期体检，年终奖,180-200元/天,https://www.zhipin.com/job_detail/9a6e145415d36df81nN-3di7EFdS.html
软件工程实习生,思爱普,西安·雁塔区·紫薇田园都市,4天/周6个月本科,Java,补充医疗保险，带薪年假，节日福利，股票期权，加班补助，定期体检，年终奖，五险一金,150-300元/天,https://www.zhipin.com/job_detail/cc4050f67d9c8bda1XR72d21GVFY.html
python开发实习生,爻塔科技,上海·闵行区·华漕,4天/周6个月硕士,MongoDB,五险一金,250-500元/天,https://www.zhipin.com/job_detail/7fc663ee8b83168f1nN60tW0GFZV.html
云计算实习生,机智云,广州,在校/应届本科,Go,五险一金，交通补助，员工旅游，零食下午茶，带薪年假，股票期权，通讯补贴，年终奖，节日福利，定期体检,5-7K,https://www.zhipin.com/job_detail/87acc302de03c79d1XV-2t29FVNQ.html
技术运营实习生,巴比特,杭州·西湖区·西溪,5天/周6个月本科,Python,五险一金，年终奖，全勤奖，节日福利，带薪年假，定期体检，股票期权，员工旅游，零食下午茶，年中奖，团建费,250-300元/天,https://www.zhipin.com/job_detail/9ade70243a7c5ac70Xx92tW8F1A~.html
Python Web实习生,担路网,上海·松江区·九亭,6天/周12个月本科,Python,全勤奖，带薪年假，节日福利，年终奖，五险一金，交通补助，通讯补贴,150-200元/天,https://www.zhipin.com/job_detail/75411f76e5f55fa80X172tW7E1M~.html
软件开发实习生,知造数据,青岛·市北区·南京路北段,5天/周3个月本科,Java,零食下午茶，交通补助，节日福利，全勤奖，定期体检，餐补，年终奖，五险一金,150-200元/天,https://www.zhipin.com/job_detail/b47e58da3d0fc20d1n1-2tS6FFtZ.html
后端开发实习生,小冰,北京·海淀区·万泉河,4天/周3个月本科,Linux,定期体检，零食下午茶，节日福利，年终奖，带薪年假，补充医疗保险，餐补，五险一金,150-200元/天,https://www.zhipin.com/job_detail/0fc496a5bcc369bc1XV-396_ElNZ.html
大数据课程开发-实习生,湖南智擎,长沙·岳麓区·麓谷,3天/周2个月本科,Java,员工旅游，五险一金，交通补助，年终奖，加班补助，节日福利，包吃，补充医疗保险，定期体检,70-140元/天,https://www.zhipin.com/job_detail/ea0d86a43bac644b1XV43dS6FVRQ.html
安全开发实习生,观安信息,北京·朝阳区·牡丹园,5天/周3个月本科,容器技术,定期体检，股票期权，加班补助，交通补助，节日福利，五险一金，零食下午茶，通讯补贴，员工旅游，带薪年假，年终奖,180-240元/天,https://www.zhipin.com/job_detail/67f4b5ec649684211n162N-9EVZU.html
Python开发实习生,天融信,武汉·东西湖区·吴家山,4天/周6个月本科,Flask,通讯补贴，带薪病假5天，补充医疗保险，定期体检，春节11天假，年终奖，五险一金，交通补助，带薪年假，股票期权，餐补，节日福利,150-200元/天,https://www.zhipin.com/job_detail/065211f512e85e941XV-2d--EldS.html
Python开发实习生,上海理想,广州·海珠区·工业大道,5天/周6个月本科,Django,带薪年假，加班补助，五险一金，年终奖,150-200元/天,https://www.zhipin.com/job_detail/0c29e20c804d62e21XR62dm-EVtY.html
Python开发实习生,嬴彻科技,上海,4天/周3个月本科,深度学习,年终奖，餐补，股票期权，通讯补贴，五险一金，定期体检，补充医疗保险，带薪年假,250-350元/天,https://www.zhipin.com/job_detail/c244b0a2b6781ea11n1y2NS1EVZQ.html
RPA开发实习生,广东文丰信息科技,广州·黄埔区·科学城,在校/应届本科,Java,节日福利，带薪年假，零食下午茶，五险一金，交通补助，员工旅游，全勤奖，餐补，通讯补贴,3-4K,https://www.zhipin.com/job_detail/1218ae9e3217a4531n183dy5FVtT.html
Python开发实习生,淘利资产,上海,4天/周2个月本科,数据结构,带薪年假，五险一金，员工旅游，定期体检，餐补，交通补助，全勤奖,150-180元/天,https://www.zhipin.com/job_detail/fd671aee9c1c5b4e1nF739u0EVdQ.html
Python开发实习生(西安),JoinQuant聚宽,西安·雁塔区·绿地世纪城,4天/周6个月本科,Django,节日福利，股票期权，定期体检，带薪年假，年终奖，员工旅游，餐补，补充医疗保险，零食下午茶，五险一金,200-280元/天,https://www.zhipin.com/job_detail/026fdb61321aaf6b1nN439-9GVRS.html
技术实习生,新意互动,北京·海淀区·动物园,3天/周3个月本科,SQL,通讯补贴，交通补助，带薪年假，五险一金，年终奖，补充医疗保险，餐补，定期体检，节日福利,150-180元/天,https://www.zhipin.com/job_detail/112738ab579c1fae1XV72di9EFRX.html
IT实习生,惠东碧桂园科技城,惠州·惠城区·水口,5天/周3个月本科,Java,,100-150元/天,https://www.zhipin.com/job_detail/06518ba68ec4a2290HB73dy4FFI~.html
Python实习生,梭捷,上海·普陀区·长征,5天/周2个月大专,SQL,,200-300元/天,https://www.zhipin.com/job_detail/6c5547cbb40b10941XR739i5EFRQ.html
Python后端开发实习生,广州甲龙,广州·番禺区·石基,6天/周6个月本科,Django,五险一金，股票期权，全勤奖，住房补贴，零食下午茶，带薪年假，年终奖,110-150元/天,https://www.zhipin.com/job_detail/f398f3fc386a12561XRy3N-4GVBR.html
后端开发实习生（廊坊）,ZingFront,北京,5天/周6个月本科,Java,住房补贴，零食下午茶，股票期权，定期体检，补充医疗保险，员工旅游，节日福利，五险一金，带薪年假,180-220元/天,https://www.zhipin.com/job_detail/d219f26b8fc0dc5e1n1_29W0GVZX.html
IT工程师实习生,上海泽源投资管理...,上海,3天/周3个月本科,Python,节日福利，交通补助，股票期权，住房补贴，年终奖，餐补，通讯补贴，五险一金，零食下午茶，定期体检，全勤奖，员工旅游，带薪年假,100-150元/天,https://www.zhipin.com/job_detail/989f68b227df62291nZ509y1FlVZ.html
Python后台开发实习生,华为技术有限公司,深圳·龙岗区·华为坂田基地,5天/周6个月本科,容器技术,带薪年假，加班补助，离职补偿，免费班车，全勤奖，餐补，节日福利，员工旅游，住房补贴，定期体检，补充医疗保险，零食下午茶，股票期权，交通补助，年终奖，五险一金，通讯补贴,130-260元/天,https://www.zhipin.com/job_detail/f51a7be850e0eafa1XR-2du-ElRT.html
Python软件开发实习生,广州沃风科技有限公司,广州·越秀区·中华广场,5天/周3个月本科,数据结构,五险一金，带薪年假，通讯补贴，年终奖,100-200元/天,https://www.zhipin.com/job_detail/b080b84ad6945cd21nJ72Ny-FFNW.html
Python开发工程师（实习生）,齐昕动力,深圳·龙岗区·坂田,6天/周3个月本科,初级软件工程师,补充医疗保险，团建经费，节日福利，带薪年假，零食下午茶，五险一金，股票期权，年终奖,250-400元/天,https://www.zhipin.com/job_detail/7b4b8f82400f03471XV_2N27EFFU.html
Python 开发实习生,EMQ,昆明·五华区·虹山,5天/周5个月本科,Go,五险一金，股票期权，员工旅游，加班补助，住房补贴，餐补，带薪年假，年终奖，交通补助，通讯补贴，零食下午茶，定期体检，节日福利,100-150元/天,https://www.zhipin.com/job_detail/7e5f4c13cb4296a91nJ60t-8EFNW.html
算法实习生（可转正）,米思米,上海·静安区·火车站,3天/周6个月本科,SQL,员工旅游，年终奖，补充医疗保险，带薪年假，餐补，节日福利，通讯补贴，交通补助,200-250元/天,https://www.zhipin.com/job_detail/2645d62d7aa24fc41XRz0t64FlpS.html
生信工程师-实习生,谱度众合,武汉·洪山区·光谷,5天/周6个月本科,R,带薪年假，五险一金，节日福利，员工旅游，零食下午茶，年终奖,70-140元/天,https://www.zhipin.com/job_detail/e7136ebd7b4b53a61XR-2dq6EVFW.html
机器人工程师(实习生）,孚朋,上海·闵行区·莘庄,3天/周3个月硕士,Linux,零食下午茶，交通补助，节日福利，员工旅游，五险一金，定期体检，年终奖，加班补助，带薪年假，通讯补贴,200-250元/天,https://www.zhipin.com/job_detail/fff96ee6acf50e9f1nxy3t6_F1dW.html
量化研究岗实习生,方成量子,佛山·顺德区·北滘,4天/周3个月本科,算法基础,全勤奖，五险一金，股票期权，节日福利，年终奖，住房补贴，员工旅游，餐补，定期体检，零食下午茶,120-150元/天,https://www.zhipin.com/job_detail/a8bdb1d726344f421nx809W9FFJQ.html
开发实习生,百人,深圳·坪山区·坪山,5天/周6个月本科,JavaScript,零食下午茶，定期体检，员工旅游，五险一金，节日福利，交通补助，带薪年假,130-240元/天,https://www.zhipin.com/job_detail/d08b04f9c682873c1nRz3Ny-FVBR.html
后端开发实习生（python方向）,木瓜移动,北京·海淀区·学院路,5天/周4个月本科,Redis,五险一金，定期体检，带薪病假，节日福利，股票期权，餐补，带薪年假，补充医疗保险，加班补助，交通补助,180-200元/天,https://www.zhipin.com/job_detail/fdceccdf0f1d4ddd1nN60ti0FlNS.html
实习Python爬虫工程师,绿盟科技,北京·海淀区·紫竹桥,5天/周3个月本科,python,加班补助，餐补，股票期权，五险一金，带薪年假，年终奖，员工旅游，补充医疗保险，节日福利，年假递增，定期体检，通讯补贴,150-250元/天,https://www.zhipin.com/job_detail/0a081f78c4f2b4301XZ40t24EVpT.html
Python后台,深圳市摩马汽车服...,深圳·南山区·华侨城,经验不限本科,Python,全勤奖,8-13K,https://www.zhipin.com/job_detail/903225a8d663d9070XN62du6FlM~.html
爬虫工程师（实习生）,启天电子,石家庄,5天/周3个月本科,Python,带薪年假，节日福利，餐补，年终奖，全勤奖，员工旅游，五险一金，加班补助,80-100元/天,https://www.zhipin.com/job_detail/ee9ede84a648b79c1XR60t28FlJU.html
远程兼职爬虫/Python实习生,尤派教育 (Upraise),杭州·西湖区·黄龙,5天/周1个月本科,网络爬虫技术,年终奖，五险一金，带薪年假，通讯补贴，节日福利，员工旅游，股票期权，加班补助，零食下午茶，定期体检,100-150元/天,https://www.zhipin.com/job_detail/34ddbf145835aa8d1XR52Nu7EFVY.html
Python数据实习生,国音智能,上海·浦东新区·张江,4天/周3个月大专,网络爬虫技术,五险一金，年终奖，定期体检，团建经费，零食下午茶，餐补，节日福利，带薪年假,100-150元/天,https://www.zhipin.com/job_detail/c89bc31d730c67061n1y2964FVFW.html
爬虫工程师实习生,逻辑课,长沙,经验不限大专,分布式技术,带薪年假，员工旅游，节日福利，全勤奖，定期体检，零食下午茶，餐补,4-5K,https://www.zhipin.com/job_detail/c7cb9c78ccd09cb81n1839q9GFtS.html
爬虫软件开发实习生,直觉信息,上海·浦东新区·张江,经验不限硕士,Python,五险一金,4-5K,https://www.zhipin.com/job_detail/fe134c457ec130851XB829q1GFM~.html
爬虫工程师,氢元数据,北京·海淀区·西北旺,1-3年本科,分布式技术,加班补助，带薪年假，零食下午茶，节日福利，五险一金，年终奖，餐补，员工旅游,15-30K·13薪,https://www.zhipin.com/job_detail/645e7919542d27891n193dS1E1BZ.html
Python爬虫工程师,创新奇智,上海·浦东新区·唐镇,1-3年本科,Python,股票期权，节日福利，通讯补贴，五险一金，带薪年假，定期体检，年终奖，员工旅游，补充医疗保险，餐补,12-18K·14薪,https://www.zhipin.com/job_detail/70c78fb578f0161a1XZ-3Nq7F1dR.html
急招爬虫高级软件工程师,北京正橹航服,长沙·天心区·南湖路,3-5年本科,Python,包吃，带薪年假，加班补助，年终奖，全勤奖，节日福利,11-20K,https://www.zhipin.com/job_detail/29a1d904831d31ff1XR62N25ElZS.html
爬虫工程师（实习）,琻瑢信息,上海,3天/周3个月本科,SQL,股票期权，节日福利，年终奖，五险一金，员工旅游，带薪年假,100-110元/天,https://www.zhipin.com/job_detail/db1ce7aa7d4ab02e1nF-29S7EFFX.html
Python爬虫工程师,斗猫,长春·二道区·中东大市场,3-5年大专,Python,加班补助，员工旅游，带薪年假，节日福利，交通补助，股票期权，五险一金，零食下午茶，年终奖，全勤奖，免费班车,3-8K,https://www.zhipin.com/job_detail/05b0e237870309fc0HZ-29-1GFM~.html
Python爬虫实习,和晞科技,北京·丰台区·丽泽,4天/周3个月大专,网络爬虫技术,加班补助，节日福利，年终奖，零食下午茶，股票期权,180-200元/天,https://www.zhipin.com/job_detail/c3b53e7d28891c0f1nx829S5GVtQ.html
爬虫工程师,浙江省北大信研院,杭州·萧山区·钱江世纪城,5天/周3个月本科,网络爬虫技术,零食下午茶，定期体检，节日福利，带薪年假，股票期权，员工旅游，五险一金，年终奖，加班补助，补充医疗保险,150-200元/天,https://www.zhipin.com/job_detail/cfbf6016014dd61a1n1-3dW9F1dW.html
爬虫工程师（校招）,谷川联行,天津·西青区·中北,在校/应届本科,网络爬虫技术,定期体检，零食下午茶，全勤奖，通讯补贴，带薪年假，年终奖，交通补助，员工旅游，五险一金，节日福利,7-8K·13薪,https://www.zhipin.com/job_detail/a073785edaa7bde61XZ43ti5ElRZ.html
Python爬虫工程师,桔加科技,南京·建邺区·奥体,在校/应届本科,Python,年终奖，带薪年假，股票期权，五险一金，员工旅游,7-12K,https://www.zhipin.com/job_detail/9e3bcd7372b5df121nJz0927FFZS.html
Python实习生,大象机器人,深圳·福田区·华强南,5天/周3个月本科,初级软件工程师,零食下午茶，五险一金，团建活动，员工旅游，节日福利，股票期权，带薪年假,150-180元/天,https://www.zhipin.com/job_detail/8ee5f5005e14e2781XV_3dS1FVBY.html
Python实习生,驰远科技,北京·海淀区·双榆树,在校/应届本科,算法基础,定期体检，节日福利，五险一金，零食下午茶，年终奖，加班调休，带薪年假,3-8K,https://www.zhipin.com/job_detail/c45a1e1d26977b8b1nF93d67GVBU.html
研发实习生,九州云,上海·黄浦区·西藏南路,5天/周6个月本科,Python,定期体检，年终奖，带薪年假，零食下午茶，五险一金，补充医疗保险,200-250元/天,https://www.zhipin.com/job_detail/88d5bc919a3a6bf53nF_0tm1E1E~.html
后端开发实习生,北京字节跳动,北京·海淀区·北太平庄,5天/周3个月本科,Go,零食下午茶，住房补贴，年终奖，补充医疗保险，定期体检，带薪年假，五险一金，股票期权，免费健身房，节日福利，餐补，加班补助，嘀嘀打车,300-400元/天,https://www.zhipin.com/job_detail/af65549c36c9b9ae1XZ-3tm6FVtY.html
云原生实习生,梯度科技,长沙·岳麓区·望岳,在校/应届本科,Go,定期体检，节日福利，试用期全薪，零食下午茶，员工旅游，补充医疗保险，餐补，带薪年假，股票期权，年终奖，每周运动健身，贡献代码奖，五险一金，包吃,4-7K,https://www.zhipin.com/job_detail/fdcf565d07db94541nx52Ny4E1VX.html
Ai架构开发实习生,跳悦智能科技有限公司,北京·朝阳区·太阳宫,4天/周3个月本科,Python,零食下午茶，报销卫生打扫，年终奖，餐补，五险一金，定期体检，包吃，交通补助，股票期权，带薪年假,200-250元/天,https://www.zhipin.com/job_detail/b73c772a96fbd9b91XV_0tW9GVpU.html
linux开发实习生,安恒信息,杭州,5天/周6个月本科,Python,节日福利，补充医疗保险，通讯补贴，年终奖，带薪年假，五险一金，定期体检，餐补，零食下午茶，员工旅游，交通补助,150-200元/天,https://www.zhipin.com/job_detail/2996cb1d5b8b4fd20HF83ty1F1o~.html
量化策略研发实习生,博易大师,上海·浦东新区·联洋,3天/周3个月本科,量化研发期货基金策略,带薪年假，员工旅游，年终奖，定期体检，五险一金,100-200元/天,https://www.zhipin.com/job_detail/c60980d8a839a5d81XR-3d24EVFV.html
Python开发实习生,进化时代科技,北京·昌平区·龙泽,5天/周4个月本科,Java,五险一金，餐补，补充医疗保险，定期体检，住房补贴，交通补助，带薪年假，员工旅游，零食下午茶，股票期权，加班补助，年终奖,300-500元/天,https://www.zhipin.com/job_detail/4b298087cadfe4ee1n152dy6E1VQ.html
运维开发实习生,杭州默安科技有限公司,杭州·余杭区·仓前,5天/周3个月本科,Python,节日福利，员工旅游，餐补，年终奖，五险一金，定期体检，带薪年假,150-220元/天,https://www.zhipin.com/job_detail/fcbc962019294d190XF_09W4F1o~.html
后台开发实习生-抖音,今日头条,成都·武侯区·新会展中心,3天/周3个月学历不限,Java,员工旅游，交通补助，节日福利，包吃，带薪年假，股票期权，零食下午茶，免费班车，加班补助，年终奖，补充医疗保险，定期体检，通讯补贴，住房补贴,400-450元/天,https://www.zhipin.com/job_detail/3feb4a7406b24f301XZ42du6FVdQ.html
后端工程师实习生,一蓦,上海·浦东新区·张江,4天/周3个月本科,Linux,五险一金,150-200元/天,https://www.zhipin.com/job_detail/f80d29c5cd92d28f1XR72Ni8F1RW.html
Python 开发实习生,北京知道创宇,成都·武侯区·新会展中心,4天/周5个月本科,Python,春节假期，全勤奖，餐补，通讯补贴，交通补助，员工旅游，带薪年假，补充医疗保险，八险一金，年终奖，定期体检，股票期权，节日福利，零食下午茶,200-250元/天,https://www.zhipin.com/job_detail/caa55349dd4bcea4331z2t-7FFQ~.html
量化策略实习生&量化研究实习生,上海罡兴投资,北京·海淀区·五道口,3天/周3个月本科,算法基础,年终奖，补充医疗保险，零食下午茶，股票期权，定期体检，带薪年假，节日福利，五险一金，交通补助，员工旅游,500-1000元/天,https://www.zhipin.com/job_detail/387eca84a23c60961XVy3ty5GFNT.html
后端开发工程师RD实习生,百度,上海·浦东新区·张江,5天/周5个月本科,Go,五险一金，餐补，娱乐健身，节日福利，带薪年假，员工旅游，加班补助，年终奖，通讯补贴，免费班车，定期体检，补充医疗保险，住房补贴，零食下午茶，交通补助,150-300元/天,https://www.zhipin.com/job_detail/0cdf60cfd865deeb1XRz0928FlZU.html
Python爬虫/前端技术 实习生,绿盟科技,北京·海淀区·紫竹桥,5天/周3个月本科,Java,五险一金，餐补，年假递增，员工旅游，节日福利，带薪年假，补充医疗保险，股票期权，定期体检，通讯补贴，加班补助，年终奖,150-180元/天,https://www.zhipin.com/job_detail/43f2b7099202cfca1XZ609i0GVNZ.html
高级爬虫工程师,氢元数据,北京·海淀区·西北旺,3-5年本科,网络爬虫技术,节日福利，五险一金，零食下午茶，餐补，员工旅游，加班补助，年终奖，带薪年假,18-30K·13薪,https://www.zhipin.com/job_detail/a07cb516f82d0ac41n193dS1GFpU.html
爬虫工程师（校招）,谷川联行,天津·西青区·中北,在校/应届本科,网络爬虫技术,员工旅游，定期体检，零食下午茶，带薪年假，节日福利，年终奖，交通补助，通讯补贴，全勤奖，五险一金,7-8K·13薪,https://www.zhipin.com/job_detail/cc24c42fc95e27ae1XZ439m8FlNQ.html
python 后端开发工程师   实习生,浙江省北大信研院,杭州·萧山区·钱江世纪城,5天/周3个月硕士,Shell,节日福利，年终奖，零食下午茶，加班补助，带薪年假，定期体检，员工旅游，补充医疗保险，五险一金，股票期权,200-250元/天,https://www.zhipin.com/job_detail/e716978a0f4a01030XF939u4FFo~.html
ROS实习生,大象机器人,深圳·福田区·华强北,5天/周6个月本科,python,五险一金，带薪年假，员工旅游，节日福利，零食下午茶，股票期权，团建活动,150-180元/天,https://www.zhipin.com/job_detail/41acf1c8eda263301XV62tu0ElVW.html
云计算实习生,梯度科技,长沙·岳麓区·望岳,5天/周6个月硕士,Go,零食下午茶，带薪年假，餐补，员工旅游，节日福利，每周运动健身，贡献代码奖，包吃，试用期全薪，补充医疗保险，五险一金，股票期权，年终奖，定期体检,160-220元/天,https://www.zhipin.com/job_detail/a0e47d313131c71d1n1z2dq-E1dX.html
后端开发实习生,今日头条,北京·海淀区·中关村,4天/周3个月本科,Java,员工旅游，年终奖，股票期权，包吃，节日福利，补充医疗保险，通讯补贴，零食下午茶，交通补助，定期体检，加班补助，住房补贴，带薪年假，免费班车,350-400元/天,https://www.zhipin.com/job_detail/30f9ecb5f6db1f621XR839-_EVZR.html
后端开发工程师RD实习生,百度,上海·浦东新区·张江,5天/周5个月本科,Go,加班补助，免费班车，娱乐健身，节日福利，补充医疗保险，通讯补贴，带薪年假，住房补贴，定期体检，五险一金，餐补，员工旅游，年终奖，零食下午茶，交通补助,200-400元/天,https://www.zhipin.com/job_detail/58116d783dcc86781XRz0929EVZT.html
高级爬虫工程师,绿盟科技,广州·荔湾区·陈家祠,1-3年本科,网络爬虫技术,加班补助，年假递增，节日福利，年终奖，餐补，五险一金，员工旅游，定期体检，补充医疗保险，股票期权，通讯补贴，带薪年假,15-20K·14薪,https://www.zhipin.com/job_detail/e3e93ccbe0ffecf21XR43di9EFFR.html
Python开发实习生,浙江省北大信研院,杭州·萧山区·钱江世纪城,5天/周6个月硕士,Python,补充医疗保险，年终奖，股票期权，加班补助，定期体检，零食下午茶，节日福利，五险一金，员工旅游，带薪年假,200-300元/天,https://www.zhipin.com/job_detail/4a8921d6469d8d2d0XN429-6FlE~.html
安全研究员 实习生,绿盟科技,南京·雨花台区·铁心桥,3天/周5个月本科,Java,带薪年假，年假递增，五险一金，员工旅游，通讯补贴，补充医疗保险，餐补，节日福利，加班补助，股票期权，定期体检，年终奖,150-180元/天,https://www.zhipin.com/job_detail/bbcfd3f0210d1acc1XZ439m0FldS.html
python后端开发实习生,浙江省北大信研院,杭州·萧山区·钱江世纪城,5天/周6个月硕士,Python,定期体检，五险一金，零食下午茶，员工旅游，年终奖，节日福利，加班补助，补充医疗保险，带薪年假，股票期权,200-250元/天,https://www.zhipin.com/job_detail/6848bd3d4c255eef1XR50t27GFFY.html
